mediaKey,dedupKey,sourceAlbumMediaKey,sourceAlbumTitle,fileName,description,takenAt,uploadedAt,timezoneOffsetMs,width,height,durationMs,livePhotoDurationMs,sizeBytes,takesUpSpace,spaceTakenBytes,isOriginalQuality,isArchived,isFavorite,isOwned,hasLocation,locationName,latitude,longitude,thumbnailUrl
AF1QipMJKPUP9SgDy3Ub0VwGHFyPwP5_9502_3GTqLTn,bIZsqy8ovA6cSf_PiK0TqVuSkKY,AF1QipNBMsRGPMnHGOGQDqDXnoI1h7JGFA5B8aXz3aqm,sept'21,00000PORTRAIT_00000_BURST20210914111730142.jpg,,2021-09-14T05:47:31.095Z,2021-09-18T23:39:50.731Z,19800000,2688,1512,,,1079521,true,1079521,false,,,,false,,,,https://photos.fife.usercontent.google.com/pw/AP1GczPTifBUg3uu8MVf36Al3tnfgPoZ9vGZYjMf5tMSzjVDA4iPxaYAyiGUow
AF1QipPkKs2j_ANu6MFDWNEY5dUZCEEUVTp6bgQ2faav,50SFs-SNY23UJKnSNYvZbncBIn8,AF1QipNBMsRGPMnHGOGQDqDXnoI1h7JGFA5B8aXz3aqm,sept'21,00100sPORTRAIT_00100_BURST20210914111730142_COVER.jpg,,2021-09-14T05:47:31.095Z,2021-09-18T23:39:50.731Z,19800000,2688,1512,,,4302383,false,0,true,,,,false,,,,https://photos.fife.usercontent.google.com/pw/AP1GczNsHv61KQyx8K1Sg_pNsy0D87_dUH5AQtJRPAJr6iNOPmQD6eMcNUeZ0Q
AF1QipMLEZoo25fdRbskQkmdvRVVxJgphWW_YYoM8YzD,WvjyFGEOQdd1mXETEo3ilGE_RVk,AF1QipNBMsRGPMnHGOGQDqDXnoI1h7JGFA5B8aXz3aqm,sept'21,00000PORTRAIT_00000_BURST20210914111822105.jpg,,2021-09-14T05:48:22.269Z,2021-09-18T23:39:50.731Z,19800000,2160,3840,,,1857336,true,1857336,false,,,,false,,,,https://photos.fife.usercontent.google.com/pw/AP1GczPCwjKUbhmRcFjCCRWEAZAVmrSpk_8usTERKm0sGiNZMoQWHuuqqomVcw
AF1QipN3Wzq4McecW0cHhhe2ieTImUlMI9Pfv3xXEmVn,RQw0zWE1edbf5VM7u071gtUV5F0,AF1QipNBMsRGPMnHGOGQDqDXnoI1h7JGFA5B8aXz3aqm,sept'21,00100sPORTRAIT_00100_BURST20210914111822105_COVER.jpg,,2021-09-14T05:48:22.269Z,2021-09-18T23:39:50.731Z,19800000,2160,3840,,,6875814,false,0,true,,,,false,,,,https://photos.fife.usercontent.google.com/pw/AP1GczN5XtF0helwtB9sYfV4skQzEoRASlw_6FFIYx6HHJ8bAHdqQQqHy-BXHQ
AF1QipNIC3kZ0Nj5oVzt9Ogmlo5-pWcZxoRVdj34jcda,UXRuk3BnWQy7zHfOryDq0reYrKM,AF1QipNBMsRGPMnHGOGQDqDXnoI1h7JGFA5B8aXz3aqm,sept'21,00000PORTRAIT_00000_BURST20210914111826078.jpg,,2021-09-14T05:48:26.117Z,2021-09-18T23:39:50.731Z,19800000,2160,3840,,,2042076,true,2042076,false,,,,false,,,,https://photos.fife.usercontent.google.com/pw/AP1GczNioL4zMvfvegsx1BGf8UXCRmdL-4ECFInj6anyAkfjFjthFkFyVp41zw
AF1QipOb8zqkonlXLIlIxHiSamMwpXhd1iZCOIG1Czon,ZTL1ocXOMbPnoUJ-uYUrBqAPwOY,AF1QipNBMsRGPMnHGOGQDqDXnoI1h7JGFA5B8aXz3aqm,sept'21,00100sPORTRAIT_00100_BURST20210914111826078_COVER.jpg,,2021-09-14T05:48:26.117Z,2021-09-18T23:39:50.731Z,19800000,2160,3840,,,7143194,false,0,true,,,,false,,,,https://photos.fife.usercontent.google.com/pw/AP1GczMqagcvXwv4LLD2Vyl908UDj-gfI7nqmJjXyavTCuKw9kKNN-ivhFzaOA
AF1QipNSXqUbUVM_p6PpN7iS3EQtZsJRSDB3keGVci-2,OiveOWllrj7PDKepsHbTNIN_l1s,AF1QipNBMsRGPMnHGOGQDqDXnoI1h7JGFA5B8aXz3aqm,sept'21,00000PORTRAIT_00000_BURST20210914111833956.jpg,,2021-09-14T05:48:34.050Z,2021-09-18T23:39:50.731Z,19800000,3840,2160,,,2181378,true,2181378,false,,,,false,,,,https://photos.fife.usercontent.google.com/pw/AP1GczPQdlY8LUmxrEOaqks2lfE6jGY0ByFf5qoly_kvPA6wDRBQoTkonxZgBg
AF1QipM-YwwcQQCkXyFXcbAa-Y1LRMbHq1o8LWFK_GDL,oxftoDB3Dt2BcNUMSgvp9-hn94I,AF1QipNBMsRGPMnHGOGQDqDXnoI1h7JGFA5B8aXz3aqm,sept'21,00100sPORTRAIT_00100_BURST20210914111833956_COVER.jpg,,2021-09-14T05:48:34.050Z,2021-09-18T23:39:50.731Z,19800000,3840,2160,,,7592943,false,0,true,,,,false,,,,https://photos.fife.usercontent.google.com/pw/AP1GczMYcpL3eeT49tEmwPy8_e0D85VI1u6tfUV_VyOXp7q0EYCLJM34ok6KZg
AF1QipN3kyAYAI-7ddWxFtcDMG93MRzauyfLqZ1Trs1L,Pm8VagItWU8XYZs_5J14yYa1YdQ,AF1QipNBMsRGPMnHGOGQDqDXnoI1h7JGFA5B8aXz3aqm,sept'21,00000PORTRAIT_00000_BURST20210914111836338.jpg,,2021-09-14T05:48:36.399Z,2021-09-18T23:39:50.731Z,19800000,3840,2160,,,2064747,true,2064747,false,,,,false,,,,https://photos.fife.usercontent.google.com/pw/AP1GczOsjki9mV_aKM0A-eOPOC3R3rGsMqWJmnfusLbVjGVtBcIW5URaEhNW7w
AF1QipND3LbTu21JDSGLI-oqUghubS3FfVw7Nnij4_0b,bCPZ1eK0sn7AWLj4pfcmSs11ook,AF1QipNBMsRGPMnHGOGQDqDXnoI1h7JGFA5B8aXz3aqm,sept'21,00100sPORTRAIT_00100_BURST20210914111836338_COVER.jpg,,2021-09-14T05:48:36.399Z,2021-09-18T23:39:50.731Z,19800000,3840,2160,,,6958320,false,0,true,,,,false,,,,https://photos.fife.usercontent.google.com/pw/AP1GczO98IyMKUKJTVWmiRKIjCz1U2wt2_ulCLfZH6RRsewCPp5CtlQxb1xDaQ
AF1QipOxgNoLXavgQ2NCLZuIqRlUkYyc-fk88fF_h-NY,2-oYPl-rdkHbzoOYQAvF9ZEJGoc,AF1QipNBMsRGPMnHGOGQDqDXnoI1h7JGFA5B8aXz3aqm,sept'21,00000PORTRAIT_00000_BURST20210914111918845.jpg,,2021-09-14T05:49:20.465Z,2021-09-18T23:39:50.731Z,19800000,1512,2688,,,984098,true,984098,false,,,,false,,,,https://photos.fife.usercontent.google.com/pw/AP1GczOWIlIBOdLXFnkd-cvvMJDHKEMUEqVk5LMgJlEso5u5lzUKygnodqeGDQ
AF1QipMjgHITxDZpyj-mHwxGrqX7lrfRmyCufS9-kOj-,OdgzaIiGgPpj4TGQnq7tQc5Ly9s,AF1QipNBMsRGPMnHGOGQDqDXnoI1h7JGFA5B8aXz3aqm,sept'21,00100sPORTRAIT_00100_BURST20210914111918845_COVER.jpg,,2021-09-14T05:49:20.465Z,2021-09-18T23:39:50.731Z,19800000,1512,2688,,,4205309,false,0,true,,,,false,,,,https://photos.fife.usercontent.google.com/pw/AP1GczMZ0h-NT_gW8i9W4lJH0GiFqPETt68OefH7I2dtOWzlU0Tq9Vg3FIYIiw
AF1QipOPhR_lIjpAZYSh7tSvjWfQexOgcEyRhJgB84iU,zbKvKhZPsEDqsJdNG2sc44q45-k,AF1QipNBMsRGPMnHGOGQDqDXnoI1h7JGFA5B8aXz3aqm,sept'21,00000IMG_00000_BURST20210914111939439_COVER.jpg,,2021-09-14T05:49:39.473Z,2021-09-18T23:39:50.731Z,19800000,2160,3840,,,3439137,false,0,true,,,,false,,,,https://photos.fife.usercontent.google.com/pw/AP1GczPdH0I_-PmoToPBSZM02zk_yUf5pAlXpcX5WtL6cfthLRwanJF6r6rmmw
AF1QipOJ4pPTlCmeyLOt7jD8Aq_MSaJTQBvfCJokw5yv,fqExzzI2Z9U-mk2RR7_j7gatpis,AF1QipNBMsRGPMnHGOGQDqDXnoI1h7JGFA5B8aXz3aqm,sept'21,00000PORTRAIT_00000_BURST20210914111949166.jpg,,2021-09-14T05:49:49.215Z,2021-09-18T23:39:50.731Z,19800000,2160,3840,,,1912137,true,1912137,false,,,,false,,,,https://photos.fife.usercontent.google.com/pw/AP1GczOlzhi61uA96qT23pqhZ5vG3mJayUJGTjkV_LQsaJ-4A5o0YJw8U8ytew
AF1QipPwsgi_KyEhim__4535s_lTcl5KOJfILZT-IDRV,PrwTN9zaX-ZQzBwe3P6l9VB3Z_E,AF1QipNBMsRGPMnHGOGQDqDXnoI1h7JGFA5B8aXz3aqm,sept'21,00100sPORTRAIT_00100_BURST20210914111949166_COVER.jpg,,2021-09-14T05:49:49.215Z,2021-09-18T23:39:50.731Z,19800000,2160,3840,,,6761292,false,0,true,,,,false,,,,https://photos.fife.usercontent.google.com/pw/AP1GczMnu8yKz7gGorM20B8wGq1eMki_KK2DyvHA7lvNmrE2fLELgBnXMqmUnA
AF1QipPgtvFkzppv1GDN2fYlF6SrXYn2KYDWmGSXMmWy,DRYjIHgo_y0jtK2oihai7oeBIOs,AF1QipNBMsRGPMnHGOGQDqDXnoI1h7JGFA5B8aXz3aqm,sept'21,00000PORTRAIT_00000_BURST20210914112009860.jpg,,2021-09-14T05:50:10.700Z,2021-09-18T23:39:50.731Z,19800000,2688,1512,,,1063395,true,1063395,false,,,,false,,,,https://photos.fife.usercontent.google.com/pw/AP1GczPPvMzmodLyy9Rft9WJytuARRbnizIQHRJzqGtNBcbQRkmKfo3LEDmrnQ
AF1QipP_TM026K_Vxko_HEuy2ClkD9k9Zgg3av76d9Su,VOJDs38b4wAsgZnVBCsD0hS7NGQ,AF1QipNBMsRGPMnHGOGQDqDXnoI1h7JGFA5B8aXz3aqm,sept'21,00100sPORTRAIT_00100_BURST20210914112009860_COVER.jpg,,2021-09-14T05:50:10.700Z,2021-09-18T23:39:50.731Z,19800000,2688,1512,,,4188539,false,0,true,,,,false,,,,https://photos.fife.usercontent.google.com/pw/AP1GczMqxbaEso5FMS5GCzGUBGUeg9DVpYn-1T1atH6ySXpL4MlTY0k0RQTH7w
AF1QipPKpPTBkYHjopXKgW8hrIz1EFO2iLrldtM--v8Q,skQVRIxkIPvDpMYVkkha-Ag3nxA,AF1QipNBMsRGPMnHGOGQDqDXnoI1h7JGFA5B8aXz3aqm,sept'21,00000PORTRAIT_00000_BURST20210914112142270.jpg,,2021-09-14T05:51:43.121Z,2021-09-18T23:39:50.731Z,19800000,2688,1512,,,1129813,true,1129813,false,,,,false,,,,https://photos.fife.usercontent.google.com/pw/AP1GczNXqBbgqSS7jM8zKzqY2yFFbTOhv22xjKowJXlPXAdZkQkNsr7GZb1Clw
AF1QipPxmgJx40mgqK8gNpftceDrkmgc0st3OSS4EWDy,5_WRscaJWvVu5UCuT-ylQ0W7F88,AF1QipNBMsRGPMnHGOGQDqDXnoI1h7JGFA5B8aXz3aqm,sept'21,00100sPORTRAIT_00100_BURST20210914112142270_COVER.jpg,,2021-09-14T05:51:43.121Z,2021-09-18T23:39:50.731Z,19800000,2688,1512,,,4551306,false,0,true,,,,false,,,,https://photos.fife.usercontent.google.com/pw/AP1GczPpNZ9YeLDtZPTzr-NQojLRzu7TxHmJ99qxvCBkSkm7UuzHdFjph4fUmg
AF1QipPrwzopzBBfmUYqieDxn3mWlSf7Ai0jrNa16RL2,ui3Z_TlNf2G-N1qiaC27HNTw_2g,AF1QipNBMsRGPMnHGOGQDqDXnoI1h7JGFA5B8aXz3aqm,sept'21,IMG_20210914_195629.jpg,,2021-09-14T05:51:43.121Z,2021-09-18T23:39:50.731Z,19800000,2688,1512,,,1696839,false,0,true,,,,false,,,,https://photos.fife.usercontent.google.com/pw/AP1GczPaYmv2qu5h1MCZMIgUNG0aOalGGJDUUZLsNQkjc72ecS4x6dmh6F1jlw
AF1QipNcQ6eqKAQ3Wbre6uWq7KKAI77jLMnjZ0nMd9U2,HnhfEHdDQsOvGuTXU0TsFznqG4w,AF1QipNBMsRGPMnHGOGQDqDXnoI1h7JGFA5B8aXz3aqm,sept'21,00000PORTRAIT_00000_BURST20210914112147155.jpg,,2021-09-14T05:51:48.035Z,2021-09-18T23:39:50.731Z,19800000,2688,1512,,,1152243,true,1152243,false,,,,false,,,,https://photos.fife.usercontent.google.com/pw/AP1GczOmipN2iLa3jBtViCWSk_RZ4KvJ3FfK3ZiSWIdrK1V4mqqDEqeUj4iBgg
AF1QipP3oTObuYFxaJbZUztVgTuGWFUEQVvWF0OdV7d-,EUph85UUzpAyuSMcVWA5T5WCons,AF1QipNBMsRGPMnHGOGQDqDXnoI1h7JGFA5B8aXz3aqm,sept'21,00100sPORTRAIT_00100_BURST20210914112147155_COVER.jpg,,2021-09-14T05:51:48.035Z,2021-09-18T23:39:50.731Z,19800000,2688,1512,,,4822609,false,0,true,,,,false,,,,https://photos.fife.usercontent.google.com/pw/AP1GczMxL1gTwzlxYPSKhztIMjPMxvmLWsKi3nZqCRu0vxI8gFzrqtY8TyDN9Q
AF1QipNb2KF5ZKgwwAeNlaYaONWe08GZhqf7R_5LCUzO,GA5y9f0c9CYPB4aC3iztMd5oCI8,AF1QipNBMsRGPMnHGOGQDqDXnoI1h7JGFA5B8aXz3aqm,sept'21,IMG_20210915_233604.jpg,,2021-09-14T05:51:48.035Z,2021-09-18T23:39:50.731Z,19800000,2688,1512,,,2405857,false,0,true,,,,false,,,,https://photos.fife.usercontent.google.com/pw/AP1GczPL5o_h8vOmR0FlZaxgDoe5NhHtd6WrQ8LzJz9JnnrjVQBWbFTxMOdfOA
AF1QipODQcGJCGkb9Y2IvBzG-wk0krxUHyZ83X939LbH,WwF8XGGdsUIp2ZU4utoiYGs1kUg,AF1QipNBMsRGPMnHGOGQDqDXnoI1h7JGFA5B8aXz3aqm,sept'21,00000PORTRAIT_00000_BURST20210914112236503.jpg,,2021-09-14T05:52:37.718Z,2021-09-18T23:39:50.731Z,19800000,2688,1512,,,1040155,true,1040155,false,,,,false,,,,https://photos.fife.usercontent.google.com/pw/AP1GczP56kY3fM2QKYaDmTiUB2J4XYveSMlLyeTU7wAoQOCDK3HlUKW-w4YrHA
AF1QipMKlJbAVcUqKoueh5-kvSdk9DxiK0j7iU_xylLw,W2xZsaTscHMVAYBXIcWN_fJnaM8,AF1QipNBMsRGPMnHGOGQDqDXnoI1h7JGFA5B8aXz3aqm,sept'21,00100sPORTRAIT_00100_BURST20210914112236503_COVER.jpg,,2021-09-14T05:52:37.718Z,2021-09-18T23:39:50.731Z,19800000,2688,1512,,,4276766,false,0,true,,,,false,,,,https://photos.fife.usercontent.google.com/pw/AP1GczPd_5YRuEsOSFtn-X455WMdkBCuyhoJDQNUD9AN0fcBew_eb92nTJdr1A
AF1QipMS5uWNEnEbMPExV3TZAXPKdQidACGPTpPkhhIY,z1vK0sRuYAHl8BIAdB_NkjGwiVM,AF1QipNBMsRGPMnHGOGQDqDXnoI1h7JGFA5B8aXz3aqm,sept'21,00000PORTRAIT_00000_BURST20210914112239745.jpg,,2021-09-14T05:52:40.762Z,2021-09-18T23:39:50.731Z,19800000,2688,1512,,,1070861,true,1070861,false,,,,false,,,,https://photos.fife.usercontent.google.com/pw/AP1GczODv8JLpqhiis8QYgGVT50qrbv6mZlFiJPeTPG9yG8bLMDpKJJNXlB3Lg
AF1QipPkffoBEhErNirslaBCYqhoSIq8H8E-f88s9zjm,HQmAYqfbaIIKGvwFyQOdWetiXd8,AF1QipNBMsRGPMnHGOGQDqDXnoI1h7JGFA5B8aXz3aqm,sept'21,00100sPORTRAIT_00100_BURST20210914112239745_COVER.jpg,,2021-09-14T05:52:40.762Z,2021-09-18T23:39:50.731Z,19800000,2688,1512,,,4376724,false,0,true,,,,false,,,,https://photos.fife.usercontent.google.com/pw/AP1GczMSpIuPxcXSHh34AmfGxvuYFGMZUw6xTs-MOnfSs2EhTBYADsiWPQJYUg
AF1QipPTkG3qpIL1i53EKvV-63jTnoHj8emOThrGnEGb,H8H5FX0-to_VTLlpeCIQnWv5ur0,AF1QipNBMsRGPMnHGOGQDqDXnoI1h7JGFA5B8aXz3aqm,sept'21,00000PORTRAIT_00000_BURST20210914112255174.jpg,,2021-09-14T05:52:56.095Z,2021-09-18T23:39:50.731Z,19800000,2688,1512,,,1110430,true,1110430,false,,,,false,,,,https://photos.fife.usercontent.google.com/pw/AP1GczPD72kIIPnLvVsqGd2stVZReCBBKJCKbqISvwKF1Lw7oWoD98bnM4lI_A
AF1QipNnQva61uf-9rRtFCR4F-nemgo5dPTbbybBzz96,qt0I4azvhF3yfwrzEKyUVd_ITKg,AF1QipNBMsRGPMnHGOGQDqDXnoI1h7JGFA5B8aXz3aqm,sept'21,00100sPORTRAIT_00100_BURST20210914112255174_COVER.jpg,,2021-09-14T05:52:56.095Z,2021-09-18T23:39:50.731Z,19800000,2688,1512,,,4406747,false,0,true,,,,false,,,,https://photos.fife.usercontent.google.com/pw/AP1GczPeZ28atKMzlaJgVarn5j21kbFJRSue2NEHZ-i8LXNBzYYO7x4vJWGnew
AF1QipMnM7Zl1V2galhInr06nAkchghplIHfg2aV3ExU,KntvYC67WVrr64RqdLYFh4J8PQM,AF1QipNBMsRGPMnHGOGQDqDXnoI1h7JGFA5B8aXz3aqm,sept'21,00000PORTRAIT_00000_BURST20210914112303007.jpg,,2021-09-14T05:53:03.874Z,2021-09-18T23:39:50.731Z,19800000,2688,1512,,,1122452,true,1122452,false,,,,false,,,,https://photos.fife.usercontent.google.com/pw/AP1GczNPdmK9Mytf7M0amYNRsUboc7AMXbqyw_XTXUuzud59sbsqv7KIBwjS9Q
AF1QipMiRlOPWnV0S39E2xUe0ReqEKCo-sWVSjptvLsr,hHJepM2_zwQfi8dviVYpO5OMnhs,AF1QipNBMsRGPMnHGOGQDqDXnoI1h7JGFA5B8aXz3aqm,sept'21,00100sPORTRAIT_00100_BURST20210914112303007_COVER.jpg,,2021-09-14T05:53:03.874Z,2021-09-18T23:39:50.731Z,19800000,2688,1512,,,4419132,false,0,true,,,,false,,,,https://photos.fife.usercontent.google.com/pw/AP1GczN7U2cJhsXn7aTdFaxqij5ljsjR1QlnHxcXC2ubMaH4GQPVNewUU53hUQ
AF1QipNMdHXQUENDhz4-ITorqwlNM8xiIUr3ZtUyn-ha,hcZRHhsWS9fofAg6ZX4lGDr8GX8,AF1QipNBMsRGPMnHGOGQDqDXnoI1h7JGFA5B8aXz3aqm,sept'21,IMG_20210915_233449.jpg,,2021-09-14T05:53:03.874Z,2021-09-18T23:39:50.731Z,19800000,2688,1512,,,1578310,false,0,true,,,,false,,,,https://photos.fife.usercontent.google.com/pw/AP1GczPTstCkct-12b1M5kMhPaXiQrhvns2xsPv12ynyQz6lq2EnEvfouith1A
AF1QipMcBuRpZBP79Cll49VT4-Dcn0Oxj_hrbHuoMMzR,saU2E3drEfk6sv47iShDv0asNCs,AF1QipNBMsRGPMnHGOGQDqDXnoI1h7JGFA5B8aXz3aqm,sept'21,00000PORTRAIT_00000_BURST20210914112316996.jpg,,2021-09-14T05:53:17.966Z,2021-09-18T23:39:50.731Z,19800000,1512,2688,,,1100015,true,1100015,false,,,,false,,,,https://photos.fife.usercontent.google.com/pw/AP1GczMukN03OEZtlu9YnqmQHPPv8HDX8TP3-fZyVgQLRLmzfaHPl9Glynf_QQ
AF1QipNAXGgk2yna0OzN0TGmVbonf8S2dmr6EPiMxcSI,Bvth6YmAHbXREpk4J_nID7nrLro,AF1QipNBMsRGPMnHGOGQDqDXnoI1h7JGFA5B8aXz3aqm,sept'21,00100sPORTRAIT_00100_BURST20210914112316996_COVER.jpg,,2021-09-14T05:53:17.966Z,2021-09-18T23:39:50.731Z,19800000,1512,2688,,,4959176,false,0,true,,,,false,,,,https://photos.fife.usercontent.google.com/pw/AP1GczO8fkNlFHX-YoJl_jYFV4fU49omJBDu3RjK1XITxXkqODVrPZO_HcX9EA
AF1QipPjjqdl7h1Id4JQMISaKqicQ1QubYNdFwRzdNbs,BRiRObGv6vpJtDggI_vkfjT26Ew,AF1QipNBMsRGPMnHGOGQDqDXnoI1h7JGFA5B8aXz3aqm,sept'21,00000PORTRAIT_00000_BURST20210914113331244.jpg,,2021-09-14T06:03:31.405Z,2021-09-18T23:39:50.731Z,19800000,3840,2160,,,1836412,true,1836412,false,,,,false,,,,https://photos.fife.usercontent.google.com/pw/AP1GczNhUSYRb_AyUFq-uKLpf0Bucx144IMFv-hBYbCPNMf0Jc3cMOT2ywCoQg
AF1QipMFFoDsR3RhNmeVCtrijouBhUbrszRTgQqwpEmv,EAVoNLtLoJhofqJxM1DdFil-tXs,AF1QipNBMsRGPMnHGOGQDqDXnoI1h7JGFA5B8aXz3aqm,sept'21,00100sPORTRAIT_00100_BURST20210914113331244_COVER.jpg,,2021-09-14T06:03:31.405Z,2021-09-18T23:39:50.731Z,19800000,3840,2160,,,6511185,false,0,true,,,,false,,,,https://photos.fife.usercontent.google.com/pw/AP1GczMi0v3DWbJnnq-ta4pMo9JELbGQVXbJnjlr0Irn_uBYmdQRfVDXn4ETtA
AF1QipP1LIufg-YiAfOY2D2JksM50fP6tDQSYOOj_hp_,DmbCQOIP28y6Rfhxc3yqg7eqYQg,AF1QipNBMsRGPMnHGOGQDqDXnoI1h7JGFA5B8aXz3aqm,sept'21,00000PORTRAIT_00000_BURST20210914113334844.jpg,,2021-09-14T06:03:34.860Z,2021-09-18T23:39:50.731Z,19800000,3840,2160,,,1701408,true,1701408,false,,,,false,,,,https://photos.fife.usercontent.google.com/pw/AP1GczN9hSc5xI6iOYxD5UCofyJZMQIk4qYdbZObfTTIh-SqP0k2iDegq3Slmw
AF1QipPWT3U2Iimqp_cxlyj-cZ9tNFO4ELSIqZ36EIZW,5SGXD-x55_QEYZJ6wK-JhZVzLKw,AF1QipNBMsRGPMnHGOGQDqDXnoI1h7JGFA5B8aXz3aqm,sept'21,00100sPORTRAIT_00100_BURST20210914113334844_COVER.jpg,,2021-09-14T06:03:34.860Z,2021-09-18T23:39:50.731Z,19800000,3840,2160,,,5890453,false,0,true,,,,false,,,,https://photos.fife.usercontent.google.com/pw/AP1GczOAZnJIbFiwYEJfpxm4fYuGlOImcAWi_F78fHSdgwgDlzb3l9PSzXfgCA
AF1QipM2wrlcOckYWpQ4Gr9ufRVrnifxqT3umyPReaXS,rfMYRJKjRUQrrdrRKTQvITXL99U,AF1QipNBMsRGPMnHGOGQDqDXnoI1h7JGFA5B8aXz3aqm,sept'21,00000PORTRAIT_00000_BURST20210914113349728.jpg,,2021-09-14T06:03:49.784Z,2021-09-18T23:39:50.731Z,19800000,3840,2160,,,1887274,true,1887274,false,,,,false,,,,https://photos.fife.usercontent.google.com/pw/AP1GczPz_T-CeNfYFHK3ekuJWqbfoJ8WoShL9GXCg4XRjWz4jVxuR_bZXKN04A
AF1QipN7Rlq5OXH3PLKDjPH8OHTs7cRj3aKV_CJX0RFM,N7oWvrndKUPu0mOXMWkRQTGoPIM,AF1QipNBMsRGPMnHGOGQDqDXnoI1h7JGFA5B8aXz3aqm,sept'21,00100sPORTRAIT_00100_BURST20210914113349728_COVER-01.jpeg,,2021-09-14T06:03:49.784Z,2021-09-18T23:39:50.731Z,19800000,3840,2160,,,1795416,false,0,true,,,,false,,,,https://photos.fife.usercontent.google.com/pw/AP1GczNyTqpRasX1mfUmgxxo95Xlhwh4aU1k7DbdsP566v6bYPSn5GFAfTV2CA
AF1QipNyLVMyf4SCL1zqVx7eCFIBElB5XXPOGXyAnGch,g9ACM8JwOVwzOXw79r8J52uZsy0,AF1QipNBMsRGPMnHGOGQDqDXnoI1h7JGFA5B8aXz3aqm,sept'21,00100sPORTRAIT_00100_BURST20210914113349728_COVER.jpg,,2021-09-14T06:03:49.784Z,2021-09-18T23:39:50.731Z,19800000,3840,2160,,,6345488,false,0,true,,,,false,,,,https://photos.fife.usercontent.google.com/pw/AP1GczNAbs-WgUznE6T89juKe5TcLCYKekfgocmCw7ShdDDjYbUvOLK36UsPFQ
AF1QipN9dLRZC4ZfifUX7Ha8q4NvDSN_-tFAp4JqWflJ,_RIbhaO2fj2uhN3_30NUEBAvQvs,AF1QipNBMsRGPMnHGOGQDqDXnoI1h7JGFA5B8aXz3aqm,sept'21,00000PORTRAIT_00000_BURST20210914113353165.jpg,,2021-09-14T06:03:53.224Z,2021-09-18T23:39:50.731Z,19800000,3840,2160,,,1691463,true,1691463,false,,,,false,,,,https://photos.fife.usercontent.google.com/pw/AP1GczMMSexYzl9MapB2lAIi8TfaAl5f9WgXHJXlQej4EL5Exk4Das9I7fUobA
AF1QipPnVptRjkWx9cPlZogPGJbebnEQKW5_CNkA1m7h,5Qhv7o2yMO49szUrYWYxWEHHT0c,AF1QipNBMsRGPMnHGOGQDqDXnoI1h7JGFA5B8aXz3aqm,sept'21,00100sPORTRAIT_00100_BURST20210914113353165_COVER.jpg,,2021-09-14T06:03:53.224Z,2021-09-18T23:39:50.731Z,19800000,3840,2160,,,6021437,false,0,true,,,,false,,,,https://photos.fife.usercontent.google.com/pw/AP1GczM2XkqwkmFZJt4hbpYaL6stFZbslcDB5ONFlWFkok7L4Z3XG7NYjy5N-Q
AF1QipOil9bJ53qImOod47Lte-keKncE1FRWCnUJJuny,IKX5YmV71ZQNfEGzv0nDXnIscN8,AF1QipNBMsRGPMnHGOGQDqDXnoI1h7JGFA5B8aXz3aqm,sept'21,00000PORTRAIT_00000_BURST20210914113355658.jpg,,2021-09-14T06:03:55.691Z,2021-09-18T23:39:50.731Z,19800000,3840,2160,,,1785553,true,1785553,false,,,,false,,,,https://photos.fife.usercontent.google.com/pw/AP1GczMV9jJhGZikYxMSsrLctXb2NBSAlgNRwdZvUF9tLJ3boDbbEelJ4zxDZA
AF1QipMq5tNnVq6Yp4oMRP88ORs9KlFpVlcoFu94hSBh,WoNcwAmaeQwgdDJ9nQZ_Jrnx_O8,AF1QipNBMsRGPMnHGOGQDqDXnoI1h7JGFA5B8aXz3aqm,sept'21,00100sPORTRAIT_00100_BURST20210914113355658_COVER.jpg,,2021-09-14T06:03:55.691Z,2021-09-18T23:39:50.731Z,19800000,3840,2160,,,6221406,false,0,true,,,,false,,,,https://photos.fife.usercontent.google.com/pw/AP1GczNTwzJNZ2NSmfhnmwAu1zLdHRLdlahI2Yd6tkKTInaCym9RRtkbLdtPTQ
AF1QipN_bZM_EWNCBiDgH8R-6eJxrNCY2r9fl8Mf9n8o,UC0oVupPM42W8-NP3uNKPTtP0PU,AF1QipNBMsRGPMnHGOGQDqDXnoI1h7JGFA5B8aXz3aqm,sept'21,00000PORTRAIT_00000_BURST20210914113412016.jpg,,2021-09-14T06:04:12.044Z,2021-09-18T23:39:50.731Z,19800000,3840,2160,,,1665387,true,1665387,false,,,,false,,,,https://photos.fife.usercontent.google.com/pw/AP1GczPW9elGL-b5Rdr75O1mSaq82C1dsfErT7CfA9QEuNVM_-b7lXIy8gz-bw
AF1QipOL0Qgu-78uj0MfLXoBSItdFBeSgl-o-g-ElAjN,iwkS0e23tAlvJSj5aWXKWdUoFpc,AF1QipNBMsRGPMnHGOGQDqDXnoI1h7JGFA5B8aXz3aqm,sept'21,00100sPORTRAIT_00100_BURST20210914113412016_COVER.jpg,,2021-09-14T06:04:12.044Z,2021-09-18T23:39:50.731Z,19800000,3840,2160,,,6113621,false,0,true,,,,false,,,,https://photos.fife.usercontent.google.com/pw/AP1GczPUqRrsGvrCC8B5x1xlw5VzSslIZE1qP_fKBaobkcsI2dw6Uq6kSHnD3w
AF1QipPOubnlECeA_y-XM0roerqH9KqkvCK69_gK1_W5,u4Vwu2CC0lV33TQ5syhZ_t39Clw,AF1QipNBMsRGPMnHGOGQDqDXnoI1h7JGFA5B8aXz3aqm,sept'21,00000PORTRAIT_00000_BURST20210914113414335.jpg,,2021-09-14T06:04:14.404Z,2021-09-18T23:39:50.731Z,19800000,3840,2160,,,1888478,true,1888478,false,,,,false,,,,https://photos.fife.usercontent.google.com/pw/AP1GczPvIftoCUBLgsIgyxHe36HjHnzqqOHANkOJmihZVoofBpl-aRDHkja4dA
AF1QipOJcSlkYEcOc9da9u4cs57559ONWmP7o1Eene-A,QVhgCQLDg6p_TieTQVU3XjdeiAk,AF1QipNBMsRGPMnHGOGQDqDXnoI1h7JGFA5B8aXz3aqm,sept'21,00100sPORTRAIT_00100_BURST20210914113414335_COVER.jpg,,2021-09-14T06:04:14.404Z,2021-09-18T23:39:50.731Z,19800000,3840,2160,,,6577819,false,0,true,,,,false,,,,https://photos.fife.usercontent.google.com/pw/AP1GczO1IdENOc0LtbOg4zCn5x4va9l0ME2h88dX8TWJOw9uU0sMYZu-9sVqrQ
AF1QipP5E7JL9Cf4QEnmGzh0tRSErEAYX1mXm2jvp0bA,ySBbo81oehxyZPb28T1M7e1iPjI,AF1QipNBMsRGPMnHGOGQDqDXnoI1h7JGFA5B8aXz3aqm,sept'21,00000PORTRAIT_00000_BURST20210914113415466.jpg,,2021-09-14T06:04:15.485Z,2021-09-18T23:39:50.731Z,19800000,3840,2160,,,1850198,true,1850198,false,,,,false,,,,https://photos.fife.usercontent.google.com/pw/AP1GczNWJ87bGmwHfcw3i8JBCvDe4-wjPMaMFSdQa_BnEuVE2bUCQzW3-jbPpA
AF1QipNZiA9Qp9GeXVsNT7H01mG7Srh43MtWv9tI_Faj,1Ilhapi4ILQTb-Zn8mBZMR9lhzk,AF1QipNBMsRGPMnHGOGQDqDXnoI1h7JGFA5B8aXz3aqm,sept'21,00100sPORTRAIT_00100_BURST20210914113415466_COVER.jpg,,2021-09-14T06:04:15.485Z,2021-09-18T23:39:50.731Z,19800000,3840,2160,,,6495846,false,0,true,,,,false,,,,https://photos.fife.usercontent.google.com/pw/AP1GczNsZ-qqQ6RY-rKvt621GsY1JpV7UCh31xt8K1SlGfJ3HQR9faBqg3ZIsw
AF1QipPbTsUQWC8Zi1vkMZuX-3-eBqB6PUfLVPaKvbAh,CjvjNLp646ZZ9kESedejM_npT5M,AF1QipNBMsRGPMnHGOGQDqDXnoI1h7JGFA5B8aXz3aqm,sept'21,00000PORTRAIT_00000_BURST20210914113416948.jpg,,2021-09-14T06:04:17.006Z,2021-09-18T23:39:50.731Z,19800000,3840,2160,,,1874649,true,1874649,false,,,,false,,,,https://photos.fife.usercontent.google.com/pw/AP1GczNfWJP8bitanNhWYzVYH2M2KuWjkhYJisfkYxLBCnOXrpgOoMg5C5nX1A
AF1QipPlrFVyUboSFQKBrCKjdl-ou7ozN1VoBwzk89c9,fDqr8o7NGcg96O2V7O_J0vaug88,AF1QipNBMsRGPMnHGOGQDqDXnoI1h7JGFA5B8aXz3aqm,sept'21,00100sPORTRAIT_00100_BURST20210914113416948_COVER.jpg,,2021-09-14T06:04:17.006Z,2021-09-18T23:39:50.731Z,19800000,3840,2160,,,6268005,false,0,true,,,,false,,,,https://photos.fife.usercontent.google.com/pw/AP1GczNXZUGN9zJ5N455zq3J2FvDrIpFvOTTwm2iALSZMXzmp2OOTLVWe7ePPQ
AF1QipNJz6jjuRBaWLrNhYtXe2pkYPJdYRNwMK6snG1l,uLD1hITrO4-WgdhmRM81hdR518c,AF1QipNBMsRGPMnHGOGQDqDXnoI1h7JGFA5B8aXz3aqm,sept'21,00000PORTRAIT_00000_BURST20210914113419098.jpg,,2021-09-14T06:04:19.153Z,2021-09-18T23:39:50.731Z,19800000,3840,2160,,,1905529,true,1905529,false,,,,false,,,,https://photos.fife.usercontent.google.com/pw/AP1GczOVD3-Q_eYTXBJXCasMKe1d0hHcL_MVDYfOdqwcvACDQaop6Cubtgau6A
AF1QipPnyEzAuA92kT_bdoRpMXSvPCdVvynfYuXF_RWw,BNlAm3wSy8pHv9pDreQSvAFeXwo,AF1QipNBMsRGPMnHGOGQDqDXnoI1h7JGFA5B8aXz3aqm,sept'21,00100sPORTRAIT_00100_BURST20210914113419098_COVER.jpg,,2021-09-14T06:04:19.153Z,2021-09-18T23:39:50.731Z,19800000,3840,2160,,,6408852,false,0,true,,,,false,,,,https://photos.fife.usercontent.google.com/pw/AP1GczPtPgTqv__Bh4fHBmnlKuL-L7rPpzRARvPjfq9nQ4oQP6P6EAl5i80rkg
AF1QipMft71dnrxFWMwet4k7pOTJ8QC6hIZ633q4IJ-8,oTOUi9FBzuL8rvTMb-IQ4mWo6TA,AF1QipNBMsRGPMnHGOGQDqDXnoI1h7JGFA5B8aXz3aqm,sept'21,00000PORTRAIT_00000_BURST20210914113421859.jpg,,2021-09-14T06:04:21.922Z,2021-09-18T23:39:50.731Z,19800000,3840,2160,,,1842673,true,1842673,false,,,,false,,,,https://photos.fife.usercontent.google.com/pw/AP1GczP2aWLmw0ZrHMb1twC-w2iS01FWRfsmM1zvYcFnO26gEL6SszkKiKemLQ
AF1QipO7G0rgAQw4OeEnPAMxUL8O895VZyDC7-FVJtv7,DeyPT0DqY25S51mBkxj9KZ5n0RQ,AF1QipNBMsRGPMnHGOGQDqDXnoI1h7JGFA5B8aXz3aqm,sept'21,00100sPORTRAIT_00100_BURST20210914113421859_COVER.jpg,,2021-09-14T06:04:21.922Z,2021-09-18T23:39:50.731Z,19800000,3840,2160,,,6323625,false,0,true,,,,false,,,,https://photos.fife.usercontent.google.com/pw/AP1GczNN3T0w_FcndPnZRsfYwHOM3OoePrliAGLfuDSL4BQcsj1OgrINjN61zg
AF1QipNTwbaNgnI-XwYGLXsnndqsVZj3uy9Oy4TaGudx,4KQrKRzwNk0eynNVE1QqyCF7nHE,AF1QipNBMsRGPMnHGOGQDqDXnoI1h7JGFA5B8aXz3aqm,sept'21,00000IMG_00000_BURST20210914113537882_COVER.jpg,,2021-09-14T06:05:37.914Z,2021-09-18T23:39:50.731Z,19800000,3840,2160,,,3338885,false,0,true,,,,false,,,,https://photos.fife.usercontent.google.com/pw/AP1GczO6hdt0Y1_keVj72k-eymhxsEa6dR7JWsSfyS9fCsVv96OCMX4YVhQjDA
AF1QipO-VaiPcgx42PuIkktsEMzE0_YXrfLwWQUCN-Gm,6Uq1S005RcNB0KCKUtE628FIzpo,AF1QipNBMsRGPMnHGOGQDqDXnoI1h7JGFA5B8aXz3aqm,sept'21,00000IMG_00000_BURST20210914113549197_COVER.jpg,,2021-09-14T06:05:49.227Z,2021-09-18T23:39:50.731Z,19800000,3840,2160,,,3499052,false,0,true,,,,false,,,,https://photos.fife.usercontent.google.com/pw/AP1GczO21KrEmXL0LaRJYm2fORnnUI89FFq0_o9IWZ0X1Yo90KuzFNTnYx4N2A
AF1QipPivND92iK4ALC_zH_ixL33DqSLKyAxMe9a8rQJ,QFfCEf0yaQbHYX3VwydvtCGAcjU,AF1QipNBMsRGPMnHGOGQDqDXnoI1h7JGFA5B8aXz3aqm,sept'21,00000IMG_00000_BURST20210914113550939_COVER.jpg,,2021-09-14T06:05:50.956Z,2021-09-18T23:39:50.731Z,19800000,3840,2160,,,3476973,false,0,true,,,,false,,,,https://photos.fife.usercontent.google.com/pw/AP1GczNYwjI9Ddth5zIINs52mhLgJ8iSbyfgJYUoXqpdWBIlfRgfBphp1HK2rg
AF1QipNXmDLzEDFSW5EoMq4IE7CZF46u4udcqT_p4DSH,AluMku_GgUJTQ_8HkasM_tWnfmU,AF1QipNBMsRGPMnHGOGQDqDXnoI1h7JGFA5B8aXz3aqm,sept'21,00000IMG_00000_BURST20210914113552286_COVER.jpg,,2021-09-14T06:05:52.609Z,2021-09-18T23:39:50.731Z,19800000,3840,2160,,,3267327,false,0,true,,,,false,,,,https://photos.fife.usercontent.google.com/pw/AP1GczO3GwA4qholr5GfZfBuSYlhWX3N5axnAUq4vEaP0VXydsMUETnspAmp3g
AF1QipPP58hj3PDaPRIqDQOj4Z6RrXWasU_jjZWDqOL5,8D5psnVmHpwi0I6Ze9LeJotihDY,AF1QipNBMsRGPMnHGOGQDqDXnoI1h7JGFA5B8aXz3aqm,sept'21,00000IMG_00000_BURST20210914113552129_COVER.jpg,,2021-09-14T06:05:52.170Z,2021-09-18T23:39:50.731Z,19800000,3840,2160,,,3512946,false,0,true,,,,false,,,,https://photos.fife.usercontent.google.com/pw/AP1GczMQ6vN-5Firdxgf_fSAwOTlWSDV8O0r6uDt8Ev5S3PlNDsjImzY0FGX2Q
AF1QipPKaZ7LhbTq8C8VH49fulZodRrRfCE2VSq4FFOV,0aD6wAVsnwla0pByihvziD9dc-s,AF1QipNBMsRGPMnHGOGQDqDXnoI1h7JGFA5B8aXz3aqm,sept'21,00000IMG_00000_BURST20210914113555940_COVER.jpg,,2021-09-14T06:05:55.954Z,2021-09-18T23:39:50.731Z,19800000,3840,2160,,,3377815,false,0,true,,,,false,,,,https://photos.fife.usercontent.google.com/pw/AP1GczM5Fo-JGBDFW2Caa1DrtBYrG_FwF8hniqUMbqfdFIJ-HA5-EnGoOFfKoQ
AF1QipO87pHANP3fNoqFhFI14t5Z9fZIwF3zc4PThDNF,ibnH-ox34NgN0z15x0OclxzrdNs,AF1QipNBMsRGPMnHGOGQDqDXnoI1h7JGFA5B8aXz3aqm,sept'21,00000IMG_00000_BURST20210914113557809_COVER.jpg,,2021-09-14T06:05:57.839Z,2021-09-18T23:39:50.731Z,19800000,3840,2160,,,3433117,false,0,true,,,,false,,,,https://photos.fife.usercontent.google.com/pw/AP1GczOtSLL-hcQBU_xB1gdG5ZByI5vC9REl0BYNVFGqihaDOwgQsSfGzm9FDA
AF1QipNcbK2lFmdTpZ6HH1dWSDUT7Zxd9zA7xhnOLu07,zpxXh_RoLdeH2JZnhU6pEwuH80s,AF1QipNBMsRGPMnHGOGQDqDXnoI1h7JGFA5B8aXz3aqm,sept'21,00000IMG_00000_BURST20210914113605340_COVER.jpg,,2021-09-14T06:06:05.385Z,2021-09-18T23:39:50.731Z,19800000,2160,3840,,,3436509,false,0,true,,,,false,,,,https://photos.fife.usercontent.google.com/pw/AP1GczPwIwa9IO2AwlK0NDLlb4dfhvJf0xbksP-JerZ9xCps4fE2sxTCE9xw_Q
AF1QipPj44CDjp_q4Als-JRbW9R1MePZbp7YqItKOJLs,rzr2CHEVk78yUKHKkrPCIF_hHB4,AF1QipNBMsRGPMnHGOGQDqDXnoI1h7JGFA5B8aXz3aqm,sept'21,00000PORTRAIT_00000_BURST20210914113612322.jpg,,2021-09-14T06:06:12.347Z,2021-09-18T23:39:50.731Z,19800000,3840,2160,,,1975972,true,1975972,false,,,,false,,,,https://photos.fife.usercontent.google.com/pw/AP1GczN55HkVTfXgunmbAtkU3K5RInnoqcJ0AhTU0-mQ4ifFkuBzfVyjPYhxyA
AF1QipPJ8DsEVApWVAlPn5y_yVud8Ox9aP_T0bfxO7jR,LrGgKkC6n6zTghSJXB2ULfDCtxo,AF1QipNBMsRGPMnHGOGQDqDXnoI1h7JGFA5B8aXz3aqm,sept'21,00100sPORTRAIT_00100_BURST20210914113612322_COVER.jpg,,2021-09-14T06:06:12.347Z,2021-09-18T23:39:50.731Z,19800000,3840,2160,,,6647163,false,0,true,,,,false,,,,https://photos.fife.usercontent.google.com/pw/AP1GczNCsCRQHJUWo4bahAST9uSxAkICvAQyY00bHaU3wzDUryYuHiuf68M9zw
AF1QipPvF0jvkcLy2HSfzCtV3HbG614-pGkd-2ZugZjJ,8tS7D8H9YJwV9PU5aO_pOlL9OAY,AF1QipNBMsRGPMnHGOGQDqDXnoI1h7JGFA5B8aXz3aqm,sept'21,00000PORTRAIT_00000_BURST20210914113619959.jpg,,2021-09-14T06:06:19.983Z,2021-09-18T23:39:50.731Z,19800000,3840,2160,,,1898091,true,1898091,false,,,,false,,,,https://photos.fife.usercontent.google.com/pw/AP1GczMMaoDVUpZ5ZUAYweAwIPNEfst1qMxuNe_ez75Z1O8C2-rN2z1Ql6sukQ
AF1QipPUi0bdc09_NeXVfBVFWq0moITbzy2IzlJ1pkdA,2L-fIixVLfn7D9ox2TPosJkQgIo,AF1QipNBMsRGPMnHGOGQDqDXnoI1h7JGFA5B8aXz3aqm,sept'21,00100sPORTRAIT_00100_BURST20210914113619959_COVER.jpg,,2021-09-14T06:06:19.983Z,2021-09-18T23:39:50.731Z,19800000,3840,2160,,,6430857,false,0,true,,,,false,,,,https://photos.fife.usercontent.google.com/pw/AP1GczOMi8rd3fiDNTqguWhj2alfR6hvSpK7079Ewt_xVdP4aAeg4Fb7lbskzQ
AF1QipPJvnSZ5Jg04jw4gqccaCgyH3xqzzfemy1AI9oE,XGpVSw3SP2TrugjYTtgKBLWVLYw,AF1QipNBMsRGPMnHGOGQDqDXnoI1h7JGFA5B8aXz3aqm,sept'21,00000PORTRAIT_00000_BURST20210914113620953.jpg,,2021-09-14T06:06:21.016Z,2021-09-18T23:39:50.731Z,19800000,3840,2160,,,1861301,true,1861301,false,,,,false,,,,https://photos.fife.usercontent.google.com/pw/AP1GczNzrI2z29ARoiZJgKKKQuLDhcc_ZGvoUCPo1rx9MpEa8S7nsuuMLvHQAQ
AF1QipPdlI18oiLNPDF7VnBPUsS9qgRh0f_Uu0CcQU7N,bHIsNlFapmP7bp38FVpnv3eI9Yg,AF1QipNBMsRGPMnHGOGQDqDXnoI1h7JGFA5B8aXz3aqm,sept'21,00100sPORTRAIT_00100_BURST20210914113620953_COVER-01.jpeg,,2021-09-14T06:06:21.016Z,2021-09-18T23:39:50.731Z,19800000,3840,2160,,,1741916,false,0,true,,,,false,,,,https://photos.fife.usercontent.google.com/pw/AP1GczOXaxe20yhBI1PVlKAAJDul0F75kcqUI2VXxQL2Hg8-Orh1L3qRdnTGew
AF1QipMb9C4xLyk6U7zc-m2suEZrmZCIx9GdwFLsKsEV,nhUBT8jtLC_VL2iortmmxIqDwUw,AF1QipNBMsRGPMnHGOGQDqDXnoI1h7JGFA5B8aXz3aqm,sept'21,00100sPORTRAIT_00100_BURST20210914113620953_COVER.jpg,,2021-09-14T06:06:21.016Z,2021-09-18T23:39:50.731Z,19800000,3840,2160,,,6346112,false,0,true,,,,false,,,,https://photos.fife.usercontent.google.com/pw/AP1GczOXVUaGlR81wPY2vYja1h9OvWOdL9iF0O2wFGr-6SnLZvuE9Bed_DBnvQ
AF1QipMT-ZOF6vzITstk4MKV4r81jib5r3UjNS7ixmgk,wDzUKtUXetbHC_pL3sJVZDki85w,AF1QipNBMsRGPMnHGOGQDqDXnoI1h7JGFA5B8aXz3aqm,sept'21,00000IMG_00000_BURST20210914113740848_COVER.jpg,,2021-09-14T06:07:40.888Z,2021-09-18T23:39:50.731Z,19800000,3840,2160,,,3799370,false,0,true,,,,false,,,,https://photos.fife.usercontent.google.com/pw/AP1GczMHiudFx7dO2Cz607OPgRskoLf9xH2DI3c2RVU2GaBmwrEsV5ci7xIfzg
AF1QipOCeZY98z8rNE9LoOhrzl3luEC-fk9wKzNW62i7,XLPM4wYDu_4lvHMIcOEI2SaLgkg,AF1QipNBMsRGPMnHGOGQDqDXnoI1h7JGFA5B8aXz3aqm,sept'21,00000IMG_00000_BURST20210914113806678_COVER.jpg,,2021-09-14T06:08:06.722Z,2021-09-18T23:39:50.731Z,19800000,3840,2160,,,3723187,false,0,true,,,,false,,,,https://photos.fife.usercontent.google.com/pw/AP1GczOb5dwFMEkOnR7ExNNNwFQNsArgpPWaTQC9vNBab7grH56IvDdsmGjhjQ
AF1QipNTHmGjqwtKZYCJsiLApiabBFUYvoOPrP5Ew4wH,dRp3a9ofhX9UqcABdef3mj4DlG8,AF1QipNBMsRGPMnHGOGQDqDXnoI1h7JGFA5B8aXz3aqm,sept'21,00000IMG_00000_BURST20210914113812901_COVER.jpg,,2021-09-14T06:08:12.925Z,2021-09-18T23:39:50.731Z,19800000,3840,2160,,,3754328,false,0,true,,,,false,,,,https://photos.fife.usercontent.google.com/pw/AP1GczPhw3GZHcQC2bmEAufDPcBdnH2e3F57MIRivJzeQcdyAeWsHLGIUjlHCg
AF1QipOWdrQ42pJPJwvCnA0aCOQfN8ipSxfeBmI4Ymk8,lOnCmaAVtpwRTYTnDECx18v-RWo,AF1QipNBMsRGPMnHGOGQDqDXnoI1h7JGFA5B8aXz3aqm,sept'21,00000IMG_00000_BURST20210914113820595_COVER.jpg,,2021-09-14T06:08:20.616Z,2021-09-18T23:39:50.731Z,19800000,3840,2160,,,2042843,true,2042843,false,,,,false,,,,https://photos.fife.usercontent.google.com/pw/AP1GczNWGPU-8avxcObGhmpK3XFyEmR2bfiZEuSbzGMxnJgGWK4w73Q8qCQoUQ
AF1QipOjpsYyf5YNXTESlR2ubddnxdJ7y8djeFShVX81,F4YFqZomAW1UsM8gzgzx0j7wLqE,AF1QipNBMsRGPMnHGOGQDqDXnoI1h7JGFA5B8aXz3aqm,sept'21,00000PORTRAIT_00000_BURST20210914113830404.jpg,,2021-09-14T06:08:30.445Z,2021-09-18T23:39:50.731Z,19800000,2160,3840,,,2174815,true,2174815,false,,,,false,,,,https://photos.fife.usercontent.google.com/pw/AP1GczNFsSk7SBkr3dFr4V-5iyo_AJwcuL4IjYi71zJRP8LKbUX8VPlFLSS17g
AF1QipPuAurCigg0kKqzraZDy8vpg9u5m1Sn_Hs8EvWb,XsNcqPO3NMzDOnlRSYQHCtzRJ74,AF1QipNBMsRGPMnHGOGQDqDXnoI1h7JGFA5B8aXz3aqm,sept'21,00000PORTRAIT_00000_BURST20210914113840868.jpg,,2021-09-14T06:08:40.924Z,2021-09-18T23:39:50.731Z,19800000,2160,3840,,,2167317,true,2167317,false,,,,false,,,,https://photos.fife.usercontent.google.com/pw/AP1GczMMyzDcSv5UmkpRfJ0wwQwfzo1nHC6rO7o4E85xOGoCGQk_9g-PjjMyNA
AF1QipNqLZTeD4IbkveyFe9Bw9eKoyDHKvW6JYnf9qou,azcMavxiIQ1RQBFR27Q1cX5Q7jo,AF1QipNBMsRGPMnHGOGQDqDXnoI1h7JGFA5B8aXz3aqm,sept'21,00000PORTRAIT_00000_BURST20210914113854016.jpg,,2021-09-14T06:08:54.063Z,2021-09-18T23:39:50.731Z,19800000,3840,2160,,,2128454,true,2128454,false,,,,false,,,,https://photos.fife.usercontent.google.com/pw/AP1GczMmhNdP4_YRiATflm0qODpQu9znNdpXKf1V5GamF481NnmzQb2dkEOyxA
AF1QipMV5kCIyAls7LFVpz2Lz0pHQNIVZJ-uSVurmIHI,8uguzG-zCyuQVOTA-WniyffFHZw,AF1QipNBMsRGPMnHGOGQDqDXnoI1h7JGFA5B8aXz3aqm,sept'21,00000PORTRAIT_00000_BURST20210914113943007.jpg,,2021-09-14T06:09:44.265Z,2021-09-18T23:39:50.731Z,19800000,2688,1512,,,1063671,true,1063671,false,,,,false,,,,https://photos.fife.usercontent.google.com/pw/AP1GczNVvd-7v2a4Sh5Cs3e55jFP3wqmY_N9xpiIPeCj7xf1p5Z5Sx5V578NhA
AF1QipNoZeZa3DMRq41ihsxguHLjmZQaz9BfrjXvyy0h,EwoJ0Dy4YfhEUNH93GtG8OSOylU,AF1QipNBMsRGPMnHGOGQDqDXnoI1h7JGFA5B8aXz3aqm,sept'21,00100sPORTRAIT_00100_BURST20210914113943007_COVER.jpg,,2021-09-14T06:09:44.265Z,2021-09-18T23:39:50.731Z,19800000,2688,1512,,,4135412,true,4135412,false,,,,false,,,,https://photos.fife.usercontent.google.com/pw/AP1GczOvOaYKRUbwzSLlCpBYdpJ5RcJKzRueKxcTtWHzQxENr3c-bSd7-weWZQ
AF1QipOBXHh6MBJL4JIowOjJhX5hZKmTHBvoUwvnZPsK,IhfKo6gFfwYsvj2MVjxNw8QQZvA,AF1QipNBMsRGPMnHGOGQDqDXnoI1h7JGFA5B8aXz3aqm,sept'21,00000PORTRAIT_00000_BURST20210914113955160.jpg,,2021-09-14T06:09:56.175Z,2021-09-18T23:39:50.731Z,19800000,2688,1512,,,1119783,true,1119783,false,,,,false,,,,https://photos.fife.usercontent.google.com/pw/AP1GczOddfVKw-MuZ1j_4Ed62s7uxE44yg0lzonPMbP7c1PHBAbGqHZkD7xvdw
AF1QipPtfkLF3BJlxZ1Rl46m63A0dL2_CeSNpsprv-kn,Vv7nQkLE7HybsCy9_voyCMj0xZo,AF1QipNBMsRGPMnHGOGQDqDXnoI1h7JGFA5B8aXz3aqm,sept'21,00100sPORTRAIT_00100_BURST20210914113955160_COVER.jpg,,2021-09-14T06:09:56.175Z,2021-09-18T23:39:50.731Z,19800000,2688,1512,,,4237850,true,4237850,false,,,,false,,,,https://photos.fife.usercontent.google.com/pw/AP1GczPvnjGcHUowak8peaO4P1I2C9t9q1j7-C__y4Cxr6D__ABefi6ixUOGLg
AF1QipNT0m3PtXYCeKJwrr1jPOrm79LHdoz_I-q7tOyt,Scd6kVx7qx0imHmFgwmoR8IbVlU,AF1QipNBMsRGPMnHGOGQDqDXnoI1h7JGFA5B8aXz3aqm,sept'21,00000PORTRAIT_00000_BURST20210914114007686.jpg,,2021-09-14T06:10:08.706Z,2021-09-18T23:39:50.731Z,19800000,2688,1512,,,1134073,true,1134073,false,,,,false,,,,https://photos.fife.usercontent.google.com/pw/AP1GczNYBbJpD7Ow-smv9aMeDiBek8gSJucV42Is76x8z4ok9Q2ezu_EbQizbg
AF1QipOStcZh7HdC9ibSGIrxoxQVV5OnCJYpOEMj1a5M,FA066v4ED6Wp__O2v5L9SN08xjo,AF1QipNBMsRGPMnHGOGQDqDXnoI1h7JGFA5B8aXz3aqm,sept'21,00100sPORTRAIT_00100_BURST20210914114007686_COVER.jpg,,2021-09-14T06:10:08.706Z,2021-09-18T23:39:50.731Z,19800000,2688,1512,,,4305621,true,4305621,false,,,,false,,,,https://photos.fife.usercontent.google.com/pw/AP1GczP60hwNS7eJ8PbttMCI1gjj8k5Lq0C_qyg2w4i0xAo_Hyw2CKql6-4Vew
AF1QipOu_-EGQNNPDN3UH9SDJLt6VtDjCplSnqUOvE2C,k4QCP3iwqqZ2UFfJna1oaFmqGDs,AF1QipNBMsRGPMnHGOGQDqDXnoI1h7JGFA5B8aXz3aqm,sept'21,MVIMG_20210914_114035.jpg,,2021-09-14T06:10:35.833Z,2021-09-18T23:39:50.731Z,19800000,3840,2160,,1170,3410916,true,3410916,false,,,,false,,,,https://photos.fife.usercontent.google.com/pw/AP1GczNoSTWumGm7mRYcWapuA0B1ZqRfA0UQUIgI9k_qADgmrw665SHBaOgwuA
AF1QipNrOsAEulQsEqVnVaJQWaFZYkd9pl1MJxjVU8uj,9MXJmwqy-ZwEHzJNPerALop-aY8,AF1QipNBMsRGPMnHGOGQDqDXnoI1h7JGFA5B8aXz3aqm,sept'21,MVIMG_20210914_114052.jpg,,2021-09-14T06:10:52.269Z,2021-09-18T23:39:50.731Z,19800000,3840,2160,,2274,5201347,true,5201347,false,,,,false,,,,https://photos.fife.usercontent.google.com/pw/AP1GczNxB92k-i5S_G-6szrb55iStI0p4rS2uVbAEK8VJv7Z7yAU4gEDlcxLng
AF1QipM4Z5JnEBOHBBxxgekcnedPl3_SnBqgJ11HPFtk,WgZhY-W-zfkIwjtpr2zFJEozi6E,AF1QipNBMsRGPMnHGOGQDqDXnoI1h7JGFA5B8aXz3aqm,sept'21,00000PORTRAIT_00000_BURST20210914114125254.jpg,,2021-09-14T06:11:25.303Z,2021-09-18T23:39:50.731Z,19800000,3840,2160,,,2310676,true,2310676,false,,,,false,,,,https://photos.fife.usercontent.google.com/pw/AP1GczMWp2bHqcqaRtbNSLt3Qz-ZEiG_Af4AUlMAdoj7O_4ajclrNPTuWlGXKw
AF1QipPOgV4_Nh2qmNAFvKFrob7siSqhcAZWxdWMBdPR,wXR2sq_-MscVuNPMHNnFvsBQ5YA,AF1QipNBMsRGPMnHGOGQDqDXnoI1h7JGFA5B8aXz3aqm,sept'21,00000PORTRAIT_00000_BURST20210914114132454.jpg,,2021-09-14T06:11:32.474Z,2021-09-18T23:39:50.731Z,19800000,3840,2160,,,2144246,true,2144246,false,,,,false,,,,https://photos.fife.usercontent.google.com/pw/AP1GczMVbDorxZSyFxUp4OS0kUvhHChTgkqO8i4kEJkuCo-oc2NTZD-rDbtTlg
AF1QipMgbfwtGDcmDhFdxJ1OnvAPTLu-5Re0UB1GFxhh,qHV1pS3prwoNWeqi7s78xXq9OJc,AF1QipNBMsRGPMnHGOGQDqDXnoI1h7JGFA5B8aXz3aqm,sept'21,00000PORTRAIT_00000_BURST20210914114145017.jpg,,2021-09-14T06:11:45.042Z,2021-09-18T23:39:50.731Z,19800000,2160,3840,,,2029722,true,2029722,false,,,,false,,,,https://photos.fife.usercontent.google.com/pw/AP1GczP14kvT8w_1yUBgo8WWv148ub_2IGqT8kAso5BbGjaDMWrNWpKfpAXwCw
AF1QipNTPKG7dDEZOr6RzbiRkHObcYpX_cD4uV09tdYb,0eExtmwisFNfSm2QnH3nAp4fu20,AF1QipNBMsRGPMnHGOGQDqDXnoI1h7JGFA5B8aXz3aqm,sept'21,00000PORTRAIT_00000_BURST20210914114150771.jpg,,2021-09-14T06:11:50.790Z,2021-09-18T23:39:50.731Z,19800000,2160,3840,,,2171560,true,2171560,false,,,,false,,,,https://photos.fife.usercontent.google.com/pw/AP1GczMkjlIeH0-dVceQQYOgQATf-f4SqdBDiR_3kk1P_1gx1n6TuCIt2DP0cQ
AF1QipOgYAww_CdG_FWH612ZHTv5gJvgJp6zBIfqVR4Q,w9z7tcYf8TV8m3JGCbLfXppk75I,AF1QipNBMsRGPMnHGOGQDqDXnoI1h7JGFA5B8aXz3aqm,sept'21,00000PORTRAIT_00000_BURST20210914114224703.jpg,,2021-09-14T06:12:25.727Z,2021-09-18T23:39:50.731Z,19800000,2688,1512,,,1093632,true,1093632,false,,,,false,,,,https://photos.fife.usercontent.google.com/pw/AP1GczOlyyH0S4KVUxIP3T1VnSaQqzWylau0bSlhsmKzmszSYlvXd8lIihNUoQ
AF1QipNtHABMQWyaN2hkxB0ycTtKDHkUSCuQjik0XMkW,DJE3p_LqiUhfnRNw0wlvCnOEASc,AF1QipNBMsRGPMnHGOGQDqDXnoI1h7JGFA5B8aXz3aqm,sept'21,00100sPORTRAIT_00100_BURST20210914114224703_COVER.jpg,,2021-09-14T06:12:25.727Z,2021-09-18T23:39:50.731Z,19800000,2688,1512,,,4678692,true,4678692,false,,,,false,,,,https://photos.fife.usercontent.google.com/pw/AP1GczMLrjZ0ath8Ps1YWI1kapxZ6LcjkDTpQygrrvEDAlGu0WjC50vHyDDfwQ
AF1QipMvu-nJFG_MM09jDM00GP5nFKLEaYBN2GdlUVGq,1_Og4w_0iSqbK2_fjMFQDIUsRLc,AF1QipNBMsRGPMnHGOGQDqDXnoI1h7JGFA5B8aXz3aqm,sept'21,00000PORTRAIT_00000_BURST20210914114231042.jpg,,2021-09-14T06:12:31.935Z,2021-09-18T23:39:50.731Z,19800000,2688,1512,,,1065034,true,1065034,false,,,,false,,,,https://photos.fife.usercontent.google.com/pw/AP1GczPKLnattBlkSWd47-y4PCuKdrOge3UXgWxXrBeqHR-Ijw3QB43dfBVmcw
AF1QipMAcWb8PkWl0E5qjj9aQIFmILRUCj8TXYx4KRGA,thqapHPvVAC0xsFkPSamQxPQ5zQ,AF1QipNBMsRGPMnHGOGQDqDXnoI1h7JGFA5B8aXz3aqm,sept'21,00100sPORTRAIT_00100_BURST20210914114231042_COVER.jpg,,2021-09-14T06:12:31.935Z,2021-09-18T23:39:50.731Z,19800000,2688,1512,,,4351843,true,4351843,false,,,,false,,,,https://photos.fife.usercontent.google.com/pw/AP1GczPZMjhcRmMzRt0s85isVZsEXCjxsMTKU0Hz-31PMkdDGOzTMGJ4kqB65w
AF1QipO7-1chYGZIxsfybbcfwzEwSGkIU_olJCkZ-3xs,T_VnFx1qBjfE6ES5YXVlcGqxESM,AF1QipNBMsRGPMnHGOGQDqDXnoI1h7JGFA5B8aXz3aqm,sept'21,00000PORTRAIT_00000_BURST20210914114244973.jpg,,2021-09-14T06:12:45.702Z,2021-09-18T23:39:50.731Z,19800000,2688,1512,,,1142132,true,1142132,false,,,,false,,,,https://photos.fife.usercontent.google.com/pw/AP1GczNtzpWsWSXl9GOOL9l59TOe3dNlLuVppXUJ2QxQSEsdDMr7vqYsyrGWLg
AF1QipMfMUBIjur0Gc2kLgffgHGhMpG--iseBpqdW0NN,eYVaWEhjhz-BEdl6uIEBhYjLUtw,AF1QipNBMsRGPMnHGOGQDqDXnoI1h7JGFA5B8aXz3aqm,sept'21,00100sPORTRAIT_00100_BURST20210914114244973_COVER.jpg,,2021-09-14T06:12:45.702Z,2021-09-18T23:39:50.731Z,19800000,2688,1512,,,4743332,true,4743332,false,,,,false,,,,https://photos.fife.usercontent.google.com/pw/AP1GczNNFyEiMOeZYkn1hqjokyMMjgfHXZBfUWCURQNXggLlcLjdcYEtYLsUKg
AF1QipPl85F2bVL29BDmTd_tgHLSBW-1lzKVy3k-ERjO,7dI1ke5nqD-veqKZMCedkumWPas,AF1QipNBMsRGPMnHGOGQDqDXnoI1h7JGFA5B8aXz3aqm,sept'21,00000PORTRAIT_00000_BURST20210914114252409.jpg,,2021-09-14T06:12:53.279Z,2021-09-18T23:39:50.731Z,19800000,2688,1512,,,1112510,true,1112510,false,,,,false,,,,https://photos.fife.usercontent.google.com/pw/AP1GczPvdOVCVn588kkW6riDCuh7gJ0MdUyV-R1TPBhyQZ1r-MMQMSqOWYc4Tw
AF1QipO6mFwtPnvyZkrPQpl5vzOkcxaZ9PxzRrWzAD-R,6hikI68rwcz2b1RLXNqrQybqS0s,AF1QipNBMsRGPMnHGOGQDqDXnoI1h7JGFA5B8aXz3aqm,sept'21,00100sPORTRAIT_00100_BURST20210914114252409_COVER.jpg,,2021-09-14T06:12:53.279Z,2021-09-18T23:39:50.731Z,19800000,2688,1512,,,4573556,true,4573556,false,,,,false,,,,https://photos.fife.usercontent.google.com/pw/AP1GczMpQh30rZCXPrlUjUhfh6D2bKc_BBdpC0GZcaSJhb4G8pI5pq07oJHXjQ
AF1QipMuvP7SHufxtSMQH9iOsdVwV7CncLAufV0Xc8wF,zLTkrotziwGRyPhvEKH_TJwEQBg,AF1QipNBMsRGPMnHGOGQDqDXnoI1h7JGFA5B8aXz3aqm,sept'21,00000PORTRAIT_00000_BURST20210914114256826.jpg,,2021-09-14T06:12:57.778Z,2021-09-18T23:39:50.731Z,19800000,2688,1512,,,1078829,true,1078829,false,,,,false,,,,https://photos.fife.usercontent.google.com/pw/AP1GczPH0nWx_9FPxwnSrsCGQN_rn0fg7gEyQ64yoO4d9N6k68KVANwz4vWzqQ
AF1QipPO9sx6X8077CVKIF3NVMQMjOQDVbG96Yvy-r3F,jmPIvc8bZzIEHGjta87W2ZoEgKg,AF1QipNBMsRGPMnHGOGQDqDXnoI1h7JGFA5B8aXz3aqm,sept'21,00100sPORTRAIT_00100_BURST20210914114256826_COVER.jpg,,2021-09-14T06:12:57.778Z,2021-09-18T23:39:50.731Z,19800000,2688,1512,,,4381603,true,4381603,false,,,,false,,,,https://photos.fife.usercontent.google.com/pw/AP1GczPwP1HpC0ROJtuBrHjJyXoozhs5xqrF7mJSKTahEEF-DjNjXDNfxINrKA
AF1QipN1kerPBkeqcgvkHSyNXFhcg9mcZuiT2DYp9pJ-,5YiLcpfuT8_1GA50vaxmMBSyDws,AF1QipNBMsRGPMnHGOGQDqDXnoI1h7JGFA5B8aXz3aqm,sept'21,00000PORTRAIT_00000_BURST20210914114304897.jpg,,2021-09-14T06:13:05.725Z,2021-09-18T23:39:50.731Z,19800000,1512,2688,,,1123984,true,1123984,false,,,,false,,,,https://photos.fife.usercontent.google.com/pw/AP1GczNB-FiiKUBCe9wjB7ESqlBhQNcMOqMcUA6tyx_iUujkMe6wkNZHlA3BsQ
AF1QipMD_STPRJg0m1oyvL4xRoQOrW9GVeHuO8VvwHq2,9oY79AZfXWLEtb6uYAYhRcJs4KM,AF1QipNBMsRGPMnHGOGQDqDXnoI1h7JGFA5B8aXz3aqm,sept'21,00100sPORTRAIT_00100_BURST20210914114304897_COVER.jpg,,2021-09-14T06:13:05.725Z,2021-09-18T23:39:50.731Z,19800000,1512,2688,,,4888303,true,4888303,false,,,,false,,,,https://photos.fife.usercontent.google.com/pw/AP1GczMF937lETlRJ6wpOnqMEaByxNujFWo1JLAeoSJNlpxxvDcv-jTcZEXVfQ
AF1QipOHXpREjw9Tynul7la7qIlRf0USw1iL3DdcMiuK,KHUrfQCqW7efss6FBqXC5MrlOMo,AF1QipNBMsRGPMnHGOGQDqDXnoI1h7JGFA5B8aXz3aqm,sept'21,00000PORTRAIT_00000_BURST20210914114314178.jpg,,2021-09-14T06:13:15.133Z,2021-09-18T23:39:50.731Z,19800000,1512,2688,,,1109415,true,1109415,false,,,,false,,,,https://photos.fife.usercontent.google.com/pw/AP1GczPMMxG2t1bs-61Ciot2jD7puW5IjovSITo7GZ6UbZAhBG_lKRpWkfnTiQ
AF1QipNNiRpnEljdUmo_ibjJwJRIEzQpxooaVT0CV9Io,f0LMeuxddmHU4tSzqQhtZjs1V5I,AF1QipNBMsRGPMnHGOGQDqDXnoI1h7JGFA5B8aXz3aqm,sept'21,00100sPORTRAIT_00100_BURST20210914114314178_COVER.jpg,,2021-09-14T06:13:15.133Z,2021-09-18T23:39:50.731Z,19800000,1512,2688,,,4886305,true,4886305,false,,,,false,,,,https://photos.fife.usercontent.google.com/pw/AP1GczP7hWd4PbuJA9nAMy-cp249_Q0o1g2fMBX7xnaPHFJfdW10OXMNJGkFVg
AF1QipM3GFA2g79kVQNbK_cEAGz2rWE7Ah26Q4KPjAe5,MHKuI1IYTHO7fe6Mrx8oJgbGP3o,AF1QipNBMsRGPMnHGOGQDqDXnoI1h7JGFA5B8aXz3aqm,sept'21,00000PORTRAIT_00000_BURST20210914114350308.jpg,,2021-09-14T06:13:51.231Z,2021-09-18T23:39:50.731Z,19800000,1512,2688,,,1068392,true,1068392,false,,,,false,,,,https://photos.fife.usercontent.google.com/pw/AP1GczMIT52_ZlrVrvtiJbpZLxhwBgHy_2gUSTGsVEsznkmf79s6Uwe92iEfWg
AF1QipNBcwWQiRJzvaopezuRrQ4zKC-ZxKP6D5-CDyXm,9KWyaV_2Wd06QHAK5bl1LFY7QTA,AF1QipNBMsRGPMnHGOGQDqDXnoI1h7JGFA5B8aXz3aqm,sept'21,00100sPORTRAIT_00100_BURST20210914114350308_COVER.jpg,,2021-09-14T06:13:51.231Z,2021-09-18T23:39:50.731Z,19800000,1512,2688,,,4301833,true,4301833,false,,,,false,,,,https://photos.fife.usercontent.google.com/pw/AP1GczPVzljxiR1HWKbeQtU8Nxcps5Re8tIOGsYcRFek3Xz2eYDlC6DtgRSkbg
AF1QipOEMouFWmH1uSDcPwQDS-9aXx__AAi2BnJLEq4o,eigGSKycEN3DUN_tTl8uT98WWQA,AF1QipNBMsRGPMnHGOGQDqDXnoI1h7JGFA5B8aXz3aqm,sept'21,00000PORTRAIT_00000_BURST20210914114353533.jpg,,2021-09-14T06:13:54.401Z,2021-09-18T23:39:50.731Z,19800000,1512,2688,,,1047847,true,1047847,false,,,,false,,,,https://photos.fife.usercontent.google.com/pw/AP1GczPo9vLa1flgLbBGMDbcFBk1ZxCevnCAeFBjug99FGfeZYz-Or_Kd-b6xA
AF1QipOLRvD7gK9k5Hi3AtV7Fi5cog2Den_fZgfVVQXV,CNModk_fbRv0N_snld8I0x8p85Q,AF1QipNBMsRGPMnHGOGQDqDXnoI1h7JGFA5B8aXz3aqm,sept'21,00100sPORTRAIT_00100_BURST20210914114353533_COVER.jpg,,2021-09-14T06:13:54.401Z,2021-09-18T23:39:50.731Z,19800000,1512,2688,,,4313267,true,4313267,false,,,,false,,,,https://photos.fife.usercontent.google.com/pw/AP1GczMJnwJqqhgDWOy3hTDCh2WCo25SFjhPp5ymjFQkc7mvVjctbWFt3u7jdw
AF1QipMrrIk1i0W4qBUGLDxh9YIBCtsMqr3JgGravaoo,Vd_CpMO5sZfyU-ohktjhOO4z1oA,AF1QipNBMsRGPMnHGOGQDqDXnoI1h7JGFA5B8aXz3aqm,sept'21,00000PORTRAIT_00000_BURST20210914114400227.jpg,,2021-09-14T06:14:00.955Z,2021-09-18T23:39:50.731Z,19800000,1512,2688,,,1066523,true,1066523,false,,,,false,,,,https://photos.fife.usercontent.google.com/pw/AP1GczNW-1e5plaWSixGpRvwDsFxru-cMgftHTXBcwnZbPP60XMTXsbE8a5nSA
AF1QipMk-tD6jNiug4su4lq35Al4nYLN6wTnkhuzp4rb,ggMR0qHzM3t-zDX0bqK9Kn-aD1o,AF1QipNBMsRGPMnHGOGQDqDXnoI1h7JGFA5B8aXz3aqm,sept'21,00100sPORTRAIT_00100_BURST20210914114400227_COVER.jpg,,2021-09-14T06:14:00.955Z,2021-09-18T23:39:50.731Z,19800000,1512,2688,,,4365686,true,4365686,false,,,,false,,,,https://photos.fife.usercontent.google.com/pw/AP1GczNrBt1FmAi9eGFiBUJ1xVOUPRUH717ru2lvvuOk7uk8d46rh9wVCFVeUg
AF1QipMGQRJxV9bHlETvhRIZzWwXEcWoTGZOdmkWp6ta,RYKqtJy5Em0wn8QJHpjoOyE_wCE,AF1QipNBMsRGPMnHGOGQDqDXnoI1h7JGFA5B8aXz3aqm,sept'21,00000PORTRAIT_00000_BURST20210914114410791.jpg,,2021-09-14T06:14:11.656Z,2021-09-18T23:39:50.731Z,19800000,1512,2688,,,1122980,true,1122980,false,,,,false,,,,https://photos.fife.usercontent.google.com/pw/AP1GczMLzLukEPaOBQnHp2X06SFcdfxtgk9sk9OsZTShPbS1DNINjvkXJfZUnQ
AF1QipN-hFeXSElc7vcbkoEv91agFdv_C8X_SRBRVdPq,EcLWo_RqAQ6fQpCc9ZzmjgGodGo,AF1QipNBMsRGPMnHGOGQDqDXnoI1h7JGFA5B8aXz3aqm,sept'21,00100sPORTRAIT_00100_BURST20210914114410791_COVER.jpg,,2021-09-14T06:14:11.656Z,2021-09-18T23:39:50.731Z,19800000,1512,2688,,,4488639,true,4488639,false,,,,false,,,,https://photos.fife.usercontent.google.com/pw/AP1GczN77WtQzQ-LEa2F-FMUkIlO3zSnOuSXN4foANGJooMA2JRfarVi00JpMA
AF1QipPhvQDbgfitGxSMu9v4xnnR6jBcAJLbOOdKqicy,MAKYFz4PG0rjCZE5TbTbrzSMu9s,AF1QipNBMsRGPMnHGOGQDqDXnoI1h7JGFA5B8aXz3aqm,sept'21,00000PORTRAIT_00000_BURST20210914114413616.jpg,,2021-09-14T06:14:14.637Z,2021-09-18T23:39:50.731Z,19800000,1512,2688,,,1066354,true,1066354,false,,,,false,,,,https://photos.fife.usercontent.google.com/pw/AP1GczMbXVwmJjb0CIcf6EHxNk-5s14bGh7DPuUzAYpbY0jpyL83TOke6eZVvw
AF1QipMBKSDJceZMZkGr81NzYurBpT5EMTCi8TL_bkKs,E9oXcRxxzMg91kOU0Lk2X2dZVKA,AF1QipNBMsRGPMnHGOGQDqDXnoI1h7JGFA5B8aXz3aqm,sept'21,00100sPORTRAIT_00100_BURST20210914114413616_COVER-01.jpeg,,2021-09-14T06:14:14.637Z,2021-09-18T23:39:50.731Z,19800000,1512,2688,,,692677,true,692677,false,,,,false,,,,https://photos.fife.usercontent.google.com/pw/AP1GczOcLk068SGk-A5WBfJjjTxFU3MtzxVBPF4LktkuDYQzbLKhwxxAXbir1A
AF1QipMR-MraLbTTouKTo07C70maGYGKBAzrIso0828b,eIYdOwy7iXStUAl1aVfCVaMp5D8,AF1QipNBMsRGPMnHGOGQDqDXnoI1h7JGFA5B8aXz3aqm,sept'21,00100sPORTRAIT_00100_BURST20210914114413616_COVER.jpg,,2021-09-14T06:14:14.637Z,2021-09-18T23:39:50.731Z,19800000,1512,2688,,,4333227,true,4333227,false,,,,false,,,,https://photos.fife.usercontent.google.com/pw/AP1GczO_FJHmGqOqbyHVSpmmxyfemQrqS3D5x3vbUDpNBKa3Nk-Ygw6_ZPQ-yw
AF1QipMiRCMqjqPMTHo0V_Dtd-ArU2_fzJ3Etfi3Ra0L,q95ByKun_XgnCgwXGzQfOKcRo5g,AF1QipNBMsRGPMnHGOGQDqDXnoI1h7JGFA5B8aXz3aqm,sept'21,00000PORTRAIT_00000_BURST20210914114416234.jpg,,2021-09-14T06:14:17.076Z,2021-09-18T23:39:50.731Z,19800000,1512,2688,,,1104283,true,1104283,false,,,,false,,,,https://photos.fife.usercontent.google.com/pw/AP1GczPyBrmSGapDaTcXA_Pt3sR59WZkogpoQm3-rNtPa7dlq2tv3upiDpeHVw
AF1QipNq5afCSYW76S4dBZ6C0WQGgdmb3r5antqozm21,catKDXeM03KMhahpEe8f65XZ768,AF1QipNBMsRGPMnHGOGQDqDXnoI1h7JGFA5B8aXz3aqm,sept'21,00100sPORTRAIT_00100_BURST20210914114416234_COVER.jpg,,2021-09-14T06:14:17.076Z,2021-09-18T23:39:50.731Z,19800000,1512,2688,,,4423045,true,4423045,false,,,,false,,,,https://photos.fife.usercontent.google.com/pw/AP1GczOMD8eA1PY1wjZkV1riUHj1ZxMM2iYz_2Wc3mwHTL5Si4mrT-xcnH2QMA
AF1QipOt76Y49Plj7VbVBfTUeH8jgbvIE9PlhE61vpRW,fjBAABFjQ9putBsGaMMalbCRqUc,AF1QipNBMsRGPMnHGOGQDqDXnoI1h7JGFA5B8aXz3aqm,sept'21,00000PORTRAIT_00000_BURST20210914114441328.jpg,,2021-09-14T06:14:42.206Z,2021-09-18T23:39:50.731Z,19800000,1512,2688,,,1062758,true,1062758,false,,,,false,,,,https://photos.fife.usercontent.google.com/pw/AP1GczMTqeidHnpOZrDmcS9oMJ2Wc_uGVi7zmLCCZtFvFxHhuy6qKrg50EqXtw
AF1QipNFpojK32UMaerXAIiC-G8C8BZd2xamDroD1jHR,llym_8nAsijKETMPZI9qKB-Xv7Q,AF1QipNBMsRGPMnHGOGQDqDXnoI1h7JGFA5B8aXz3aqm,sept'21,00100sPORTRAIT_00100_BURST20210914114441328_COVER.jpg,,2021-09-14T06:14:42.206Z,2021-09-18T23:39:50.731Z,19800000,1512,2688,,,4339403,true,4339403,false,,,,false,,,,https://photos.fife.usercontent.google.com/pw/AP1GczM5THzdw5HvrFYM3UBZctTrvwKv1WXPBFBrct1PAS7I69U4iv4IivCmxA
AF1QipOmJV_M_-LrDFotIXyjF-vG920InMIhjO1wmY6_,HN7RLyypzKUojS3L_PZqTPIn7KI,AF1QipNBMsRGPMnHGOGQDqDXnoI1h7JGFA5B8aXz3aqm,sept'21,00000PORTRAIT_00000_BURST20210914114458052.jpg,,2021-09-14T06:14:58.986Z,2021-09-18T23:39:50.731Z,19800000,1512,2688,,,1106165,true,1106165,false,,,,false,,,,https://photos.fife.usercontent.google.com/pw/AP1GczPL0ALDiM8uvEmENpCzPXS_YYszjCF7cdkK5f5biUfsPRfvItSe3DjEIg
AF1QipPUtOpEVMeQQB4jXKtkFcbCQM0HFOCLOVx9FTO3,RqXZzMKID5KmakjuQ5pkbDo5rMQ,AF1QipNBMsRGPMnHGOGQDqDXnoI1h7JGFA5B8aXz3aqm,sept'21,00100sPORTRAIT_00100_BURST20210914114458052_COVER.jpg,,2021-09-14T06:14:58.986Z,2021-09-18T23:39:50.731Z,19800000,1512,2688,,,4473258,true,4473258,false,,,,false,,,,https://photos.fife.usercontent.google.com/pw/AP1GczOJZ_VBN4IOY2OlfjHluspiC4MdHYh493DnQegOHiSBPCKLca9F7jjoIA
AF1QipO60xI5L079Jw6lKMmzmW_hW2UBaM67_1kawjz7,mf5wlRT3VUdrfR25RsvofbhKEo4,AF1QipNBMsRGPMnHGOGQDqDXnoI1h7JGFA5B8aXz3aqm,sept'21,00000PORTRAIT_00000_BURST20210914114508902.jpg,,2021-09-14T06:15:09.817Z,2021-09-18T23:39:50.731Z,19800000,1512,2688,,,1031291,true,1031291,false,,,,false,,,,https://photos.fife.usercontent.google.com/pw/AP1GczOPOAVHZ3ZllX7xKG56T3tOQWcU-lHX6Eb6r7BGbM7CWkZXUizaXwRPnw
AF1QipMbKxfsFGxHp9En6XcsRYqmvKLr-ejpQcCiz-TR,rMvycix4B6YC7B8EgE588m0EX_k,AF1QipNBMsRGPMnHGOGQDqDXnoI1h7JGFA5B8aXz3aqm,sept'21,00100sPORTRAIT_00100_BURST20210914114508902_COVER.jpg,,2021-09-14T06:15:09.817Z,2021-09-18T23:39:50.731Z,19800000,1512,2688,,,4341836,true,4341836,false,,,,false,,,,https://photos.fife.usercontent.google.com/pw/AP1GczN_4Q53Ri16hNPDVLIvIczKGHY4ZYGkIk1FpkYsV0obIrWT28Afm3s-rA
AF1QipOxanh3YkQAJaFLO9KVZ7CI5wMPEVG8EOT8cbQw,DFzGXklHJS3ZEVraGFj3dEcaOIg,AF1QipNBMsRGPMnHGOGQDqDXnoI1h7JGFA5B8aXz3aqm,sept'21,00000PORTRAIT_00000_BURST20210914114524974.jpg,,2021-09-14T06:15:25.822Z,2021-09-18T23:39:50.731Z,19800000,2688,1512,,,1087037,true,1087037,false,,,,false,,,,https://photos.fife.usercontent.google.com/pw/AP1GczPgMxs8jnXWuzxWZsWa8e-YOKla4rGR-iusTdv19juu-Vh__Bd5nkbTQA
AF1QipNnUXAUrgmg12FzN_q1oy5Gev2BwXUVkP4Zc1Mx,b8fFF33Z_Numy0zCyn7qsgYH4xc,AF1QipNBMsRGPMnHGOGQDqDXnoI1h7JGFA5B8aXz3aqm,sept'21,00100sPORTRAIT_00100_BURST20210914114524974_COVER.jpg,,2021-09-14T06:15:25.822Z,2021-09-18T23:39:50.731Z,19800000,2688,1512,,,4638615,true,4638615,false,,,,false,,,,https://photos.fife.usercontent.google.com/pw/AP1GczNCws0W-KwcS0ObMnAsZOSTUUatn4y3UIVnq43NMy-ufm6lk4G_8jlsUg
AF1QipOjypjSY16i72H21XNe-4jwo-vQlj_gaAZ8RLzE,5KV2rXyKv4zkCIkTeXmul8QHynI,AF1QipNBMsRGPMnHGOGQDqDXnoI1h7JGFA5B8aXz3aqm,sept'21,00000PORTRAIT_00000_BURST20210914114539347.jpg,,2021-09-14T06:15:40.371Z,2021-09-18T23:39:50.731Z,19800000,2688,1512,,,1113314,true,1113314,false,,,,false,,,,https://photos.fife.usercontent.google.com/pw/AP1GczPXuckui8u-h-XNtqHG7JCJNJu4UAy-ZtQkYTg-nyQBoKzngm1VJQoFUw
AF1QipM5_GTzckS4kp-tt4yhtRYNHbOIJnstk2uc4A1u,6LpE4zUf2PhAl-CyvA4NjKFZTF4,AF1QipNBMsRGPMnHGOGQDqDXnoI1h7JGFA5B8aXz3aqm,sept'21,00100sPORTRAIT_00100_BURST20210914114539347_COVER.jpg,,2021-09-14T06:15:40.371Z,2021-09-18T23:39:50.731Z,19800000,2688,1512,,,4447440,true,4447440,false,,,,false,,,,https://photos.fife.usercontent.google.com/pw/AP1GczMacQrFpdMg12caNTU0TUWs6S4Zx9AGGPxlG5-1p1KhmcDmMj08afDKtA
AF1QipPCUlSEdz-TlA_0t9Z_p8Elqqd3XnhFX6b0ff7-,KU8oq4THo6S-TB-2QQhcsnuKBEg,AF1QipNBMsRGPMnHGOGQDqDXnoI1h7JGFA5B8aXz3aqm,sept'21,00000PORTRAIT_00000_BURST20210914114557801.jpg,,2021-09-14T06:15:58.728Z,2021-09-18T23:39:50.731Z,19800000,2688,1512,,,1127897,true,1127897,false,,,,false,,,,https://photos.fife.usercontent.google.com/pw/AP1GczMObT0eFDoeUvgyLcELufi7P4kxTRny5GSJshGI0TWiA5ToL_cNe_3G1g
AF1QipO9Us07b7OgS5CrYwKgp2WyIepDUddackvlRraP,XakHL51UJn3QvLbLkZv5G88O0gM,AF1QipNBMsRGPMnHGOGQDqDXnoI1h7JGFA5B8aXz3aqm,sept'21,00100sPORTRAIT_00100_BURST20210914114557801_COVER.jpg,,2021-09-14T06:15:58.728Z,2021-09-18T23:39:50.731Z,19800000,2688,1512,,,4634521,true,4634521,false,,,,false,,,,https://photos.fife.usercontent.google.com/pw/AP1GczNUz7LVDn8Sm1t8_LoiEmgxgvRJXjTjQ0IeEmBP0WUt30A5lZAD81CI2w
AF1QipMly6_Euu02WSUgnF4IlY84EINEFt8-KsMN-wIg,8njsVPljt9V7FuClhKNLOMCFMTg,AF1QipNBMsRGPMnHGOGQDqDXnoI1h7JGFA5B8aXz3aqm,sept'21,00000PORTRAIT_00000_BURST20210914114607069.jpg,,2021-09-14T06:16:07.937Z,2021-09-18T23:39:50.731Z,19800000,2688,1512,,,1159058,true,1159058,false,,,,false,,,,https://photos.fife.usercontent.google.com/pw/AP1GczOSICdTSZ8vasIjyi6OAtuzc9CzK7g11XQJSbo5kVTmJ8yqh0vSTI0_bQ
AF1QipONxWjeucuTrOkyRyABm2WDBDz2QoKHFVpmW6_p,o0AhcZ9A1op9ywJMvlye0uRYYXY,AF1QipNBMsRGPMnHGOGQDqDXnoI1h7JGFA5B8aXz3aqm,sept'21,00100sPORTRAIT_00100_BURST20210914114607069_COVER.jpg,,2021-09-14T06:16:07.937Z,2021-09-18T23:39:50.731Z,19800000,2688,1512,,,4736398,true,4736398,false,,,,false,,,,https://photos.fife.usercontent.google.com/pw/AP1GczPbQjCeA5_3hY1JA-e6y3ja3Yje7LbeRP2E-vvlIG0VYwlPgQ1IEv_MFA
AF1QipP1L1pkDUVp5j33U_JRlb8CrvSq4XNxy5LcxXYq,NxBvFoE28O1ArP4wSUiqEchXb6w,AF1QipNBMsRGPMnHGOGQDqDXnoI1h7JGFA5B8aXz3aqm,sept'21,00000PORTRAIT_00000_BURST20210914114610704.jpg,,2021-09-14T06:16:11.704Z,2021-09-18T23:39:50.731Z,19800000,2688,1512,,,1141048,true,1141048,false,,,,false,,,,https://photos.fife.usercontent.google.com/pw/AP1GczOvpFsFdemLqTHCi3M3s63EmY-pJAPBIQtHMVIx2IsI8tdbONU1T_eH9Q
AF1QipNubp0CWF0P9DZoR1A_QZO79pjVrpJWGyoZYjf5,PNKcIfEqhGyHZOKzuq2QYoZI5zk,AF1QipNBMsRGPMnHGOGQDqDXnoI1h7JGFA5B8aXz3aqm,sept'21,00100sPORTRAIT_00100_BURST20210914114610704_COVER.jpg,,2021-09-14T06:16:11.704Z,2021-09-18T23:39:50.731Z,19800000,2688,1512,,,4569699,true,4569699,false,,,,false,,,,https://photos.fife.usercontent.google.com/pw/AP1GczNJdDKngPVu57qlqCiQu4lWmzjNhExuwYRnaiA4FET8x-GF2jKUL9F8lg
AF1QipP5IHAxqZV0CWef-382mp2JPJ6gHZvyf_Uo2bgb,6a7hn51Nzevu8M1-Mn3uj4IHKAU,AF1QipNBMsRGPMnHGOGQDqDXnoI1h7JGFA5B8aXz3aqm,sept'21,IMG_20210915_233306.jpg,,2021-09-14T06:16:11.704Z,2021-09-18T23:39:50.731Z,19800000,2688,1512,,,715392,true,715392,false,,,,false,,,,https://photos.fife.usercontent.google.com/pw/AP1GczP29_V891njqNlERjg2spsRAq040CoPG9eJ3uq9R3gbsJaCy_bWwIXEeQ
AF1QipOqi45-37qFbWIuHfdsanZ2DzUrB9GV--sfLMsk,1zoXkv-7o3ygtkNhsl0o8EOMBD0,AF1QipNBMsRGPMnHGOGQDqDXnoI1h7JGFA5B8aXz3aqm,sept'21,00000PORTRAIT_00000_BURST20210914114614052.jpg,,2021-09-14T06:16:14.973Z,2021-09-18T23:39:50.731Z,19800000,2688,1512,,,1156836,true,1156836,false,,,,false,,,,https://photos.fife.usercontent.google.com/pw/AP1GczPGZvippOWepVSJValmbW20uRGGpxZmA2cYlXRL4QOiIWiPLn2ak1bO7Q
AF1QipMVOdK5XNEmsBs0q_kNu9U0OXJIYxgVWx8bElv_,onImcAXSlZLYvhUqLAHTus1S1fc,AF1QipNBMsRGPMnHGOGQDqDXnoI1h7JGFA5B8aXz3aqm,sept'21,00100sPORTRAIT_00100_BURST20210914114614052_COVER.jpg,,2021-09-14T06:16:14.973Z,2021-09-18T23:39:50.731Z,19800000,2688,1512,,,4668860,true,4668860,false,,,,false,,,,https://photos.fife.usercontent.google.com/pw/AP1GczOZzdHok3qtE6rsCjFIVVDs3b1qGeShkT9tRCgl5vg8RbM5Ttx5tr4HWw
AF1QipPQyIMKrsKTbLqkR6N7ZT5rvAuaK1hzjJ3IB-Fi,qP-NhQnKXzerQVSiokfekQSeg6w,AF1QipNBMsRGPMnHGOGQDqDXnoI1h7JGFA5B8aXz3aqm,sept'21,IMG_20210915_233028.jpg,,2021-09-14T06:16:14.973Z,2021-09-18T23:39:50.731Z,19800000,2688,1512,,,738929,true,738929,false,,,,false,,,,https://photos.fife.usercontent.google.com/pw/AP1GczPIkuw1hZJpzaWsyKYObeF1FB_Fdmp-MOQgeGGQQSXeNYiSYD3w6KasAg
AF1QipOD49PmDwagYTG_erZ_KEN-gyZgzjMJnXesc02n,AbNOj_oO7ZR5KUAegiWUh2PugXU,AF1QipNBMsRGPMnHGOGQDqDXnoI1h7JGFA5B8aXz3aqm,sept'21,IMG_20210914_115213.jpg,,2021-09-14T06:22:13.384Z,2021-09-18T23:39:50.731Z,19800000,3840,2160,,,1216556,true,1216556,false,,,,false,,,,https://photos.fife.usercontent.google.com/pw/AP1GczPstL_VBMdnStQ4sDchDKP2B4zUdc6Rs6HSJQ0r65KSWIyXRd-0iSdDLw
AF1QipO__Bo_96I5wTBFjFoFWuxcf9YePvUii-pRdxea,E1FBkjhUYfGhl9jKWQJRhP7lV0M,AF1QipNBMsRGPMnHGOGQDqDXnoI1h7JGFA5B8aXz3aqm,sept'21,00000PORTRAIT_00000_BURST20210914115326510.jpg,,2021-09-14T06:23:27.347Z,2021-09-18T23:39:50.731Z,19800000,2688,1512,,,1138315,true,1138315,false,,,,false,,,,https://photos.fife.usercontent.google.com/pw/AP1GczNlV0v5nnD8OjiTH6U_Qadwmfr_2QiRC245HoI2FjZSiMCd_E0vt5xndw
AF1QipO3AEsEYdPplYnN6N9TWFQN3Hpqwjh7xIcuIsSA,VRBeWWhAMj0HZJDnhSBMiXe1R44,AF1QipNBMsRGPMnHGOGQDqDXnoI1h7JGFA5B8aXz3aqm,sept'21,00100sPORTRAIT_00100_BURST20210914115326510_COVER.jpg,,2021-09-14T06:23:27.347Z,2021-09-18T23:39:50.731Z,19800000,2688,1512,,,4538417,true,4538417,false,,,,false,,,,https://photos.fife.usercontent.google.com/pw/AP1GczNKG0xxAMSyDfn9w2eUcoZpPpaJOk50zHFAEckTea9BpFY0aj9SrHWmSw
AF1QipONJlym29JWxhtzqFjC-yy6SWiZXSHJdKigx6IP,SxiiE75YZsWmvbqRq9vHMHQ3o_I,AF1QipNBMsRGPMnHGOGQDqDXnoI1h7JGFA5B8aXz3aqm,sept'21,00000PORTRAIT_00000_BURST20210914115331165.jpg,,2021-09-14T06:23:32.083Z,2021-09-18T23:39:50.731Z,19800000,2688,1512,,,1126949,true,1126949,false,,,,false,,,,https://photos.fife.usercontent.google.com/pw/AP1GczOz2Vhccoqq6eyNIkZAYdZkdtBM8AGfbcCwpHsg1A2SpksBbBP37bkiTQ
AF1QipPpxGiAtCLdmBN9zeDAKgMWuhPN85y391eHsViC,DQBrfZk_rIQulbEY7kBnLPd7BUA,AF1QipNBMsRGPMnHGOGQDqDXnoI1h7JGFA5B8aXz3aqm,sept'21,00100sPORTRAIT_00100_BURST20210914115331165_COVER.jpg,,2021-09-14T06:23:32.083Z,2021-09-18T23:39:50.731Z,19800000,2688,1512,,,4598829,true,4598829,false,,,,false,,,,https://photos.fife.usercontent.google.com/pw/AP1GczO4OZe1SbU4QuXoIIxCShlztOWz-CnjlikQD4BkOQQE8uHHccemokDDEg
AF1QipOYRNQrv7T-1nNQUSAyMeMoTfpPvB7_TL2Udb7a,Sq6_rRiFGA8rO1ARq951tG0CIrA,AF1QipNBMsRGPMnHGOGQDqDXnoI1h7JGFA5B8aXz3aqm,sept'21,00000PORTRAIT_00000_BURST20210914115358606.jpg,,2021-09-14T06:23:59.524Z,2021-09-18T23:39:50.731Z,19800000,2688,1512,,,1115220,true,1115220,false,,,,false,,,,https://photos.fife.usercontent.google.com/pw/AP1GczN3YOfIlNt4KeKqHhV0s9lZiuS-xvINjDbsJbCdZNx6YIQb7xsOcWl5Kg
AF1QipMi7Uve9J_II8O9HBn2iWdsBWSs6Z9F9P2sCil-,3s6JB5rFPaJMMJrjtDelphiWPew,AF1QipNBMsRGPMnHGOGQDqDXnoI1h7JGFA5B8aXz3aqm,sept'21,00100sPORTRAIT_00100_BURST20210914115358606_COVER.jpg,,2021-09-14T06:23:59.524Z,2021-09-18T23:39:50.731Z,19800000,2688,1512,,,4455078,true,4455078,false,,,,false,,,,https://photos.fife.usercontent.google.com/pw/AP1GczNpsM3U9LNl9F6jw37DGegFwxmNP4kGNx538eeMzJ5Mxg3kIvXSpeYxxQ
AF1QipNdphFF132dUezQvbnr4FomF37jZvKARCRyRegB,5VkSPGXPAI74XCX6AE7vuSVNS9I,AF1QipNBMsRGPMnHGOGQDqDXnoI1h7JGFA5B8aXz3aqm,sept'21,IMG_20210914_195305.jpg,,2021-09-14T06:23:59.524Z,2021-09-18T23:39:50.731Z,19800000,2688,1512,,,1119075,true,1119075,false,,,,false,,,,https://photos.fife.usercontent.google.com/pw/AP1GczP8-2GpOu5gvWyOqXPSr9BMfiXIqmEgu0F7HE_60oxSXk-mYcfwDYhaqw
AF1QipN8vlf5fg8z0hKwcTxrbahxrhQovkovP1eJ8Ic1,UlFvlo3zzqWct_-lDPr-wuNvsKA,AF1QipNBMsRGPMnHGOGQDqDXnoI1h7JGFA5B8aXz3aqm,sept'21,00000PORTRAIT_00000_BURST20210914115405926.jpg,,2021-09-14T06:24:06.911Z,2021-09-18T23:39:50.731Z,19800000,2688,1512,,,1081241,true,1081241,false,,,,false,,,,https://photos.fife.usercontent.google.com/pw/AP1GczNGAPhoUM2cam-WVsqOab9FY4kYSNFxhMkZ-Xm1ojdH3MaHlgdrDhjiOw
AF1QipMEquRWukcY5nGRUIOXm0iHvt4ozPoh7Rgc-A0W,5DpuFmqRnLQIG2Qz04fdgm1rx-g,AF1QipNBMsRGPMnHGOGQDqDXnoI1h7JGFA5B8aXz3aqm,sept'21,00100sPORTRAIT_00100_BURST20210914115405926_COVER.jpg,,2021-09-14T06:24:06.911Z,2021-09-18T23:39:50.731Z,19800000,2688,1512,,,4286975,true,4286975,false,,,,false,,,,https://photos.fife.usercontent.google.com/pw/AP1GczMYQeznJKTHaZm4-JdivD_8q04dwj_gXoz80XElrWCA4tXfPAl7TQV8Aw
AF1QipMvuPs8-fkJlskEMBBWAAUjQgYTLH5mGdAnK85F,5pYDss6yY1bStiNJW-B549WldKA,AF1QipNBMsRGPMnHGOGQDqDXnoI1h7JGFA5B8aXz3aqm,sept'21,00000PORTRAIT_00000_BURST20210914120712369.jpg,,2021-09-14T06:37:13.604Z,2021-09-18T23:39:50.731Z,19800000,1512,2688,,,1101134,true,1101134,false,,,,false,,,,https://photos.fife.usercontent.google.com/pw/AP1GczPXtaLBHpx6XV0Bls0_2Z1YScNpLqjxD0VG3S6djzcWIOISUxpmkMZlww
AF1QipPPOAuc-nUov1NPqtMiotE_i1BW7sIU-gu6Q4NX,4ealIxO8TMuTWKq_xfhAMDM_MFE,AF1QipNBMsRGPMnHGOGQDqDXnoI1h7JGFA5B8aXz3aqm,sept'21,00100sPORTRAIT_00100_BURST20210914120712369_COVER.jpg,,2021-09-14T06:37:13.604Z,2021-09-18T23:39:50.731Z,19800000,1512,2688,,,4772400,true,4772400,false,,,,false,,,,https://photos.fife.usercontent.google.com/pw/AP1GczO1O8ilSNCkcjGZiarOkNX6IDWuUUhf0icbQ2XlZ3NygUmu1hrC5aAC_Q
AF1QipOFlsRFyad1-JCTYn4KYD6or1NEE4c_Q8RMXSz_,iWgf0u-QZlT1yW1tW1cHph7k56Q,AF1QipNBMsRGPMnHGOGQDqDXnoI1h7JGFA5B8aXz3aqm,sept'21,00000IMG_00000_BURST20210914123152064_COVER.jpg,,2021-09-14T07:01:52.438Z,2021-09-18T23:39:50.731Z,19800000,3840,2160,,,1487020,true,1487020,false,,,,false,,,,https://photos.fife.usercontent.google.com/pw/AP1GczNXZ8hVpaouD9DaTw4JonmgEkQVBafSidjEDaixsMshmRaJAUKXQBeJPA
AF1QipOcidgzms89dqPIr9NUOm5ftRJ62hL6k8EA_7A5,ruJr1_74wSz6NAJv6IzGEcfBrko,AF1QipNBMsRGPMnHGOGQDqDXnoI1h7JGFA5B8aXz3aqm,sept'21,00000PORTRAIT_00000_BURST20210914123155178.jpg,,2021-09-14T07:01:55.214Z,2021-09-18T23:39:50.731Z,19800000,3840,2160,,,1681267,true,1681267,false,,,,false,,,,https://photos.fife.usercontent.google.com/pw/AP1GczNFbuVnCUUzqn-dLZoKxGRzEmwvQM6nNY5J4o7Kvw7dilDZWf6X2df7UA
AF1QipPzvPxtxKRT74nIw4AGc09eTk9pfxlB7oullnDJ,oIFJQJVFtH4BdXAtCajyCLuuI7g,AF1QipNBMsRGPMnHGOGQDqDXnoI1h7JGFA5B8aXz3aqm,sept'21,00000PORTRAIT_00000_BURST20210914123200048.jpg,,2021-09-14T07:02:00.067Z,2021-09-18T23:39:50.731Z,19800000,3840,2160,,,1745694,true,1745694,false,,,,false,,,,https://photos.fife.usercontent.google.com/pw/AP1GczNBDm_Pbsbj2IFP4BhQZGdv9mhQ7OSEdfvv5vhBFZ2cmT9aicYOda0A7w
AF1QipOOb2ex2W1A0QJuMEjvx74m_adexCDvh7SjTVyc,gnR8CEjhXpC2WgrAkUTX2i2FTlA,AF1QipNBMsRGPMnHGOGQDqDXnoI1h7JGFA5B8aXz3aqm,sept'21,00000PORTRAIT_00000_BURST20210914123214481.jpg,,2021-09-14T07:02:14.499Z,2021-09-18T23:39:50.731Z,19800000,3840,2160,,,1959842,true,1959842,false,,,,false,,,,https://photos.fife.usercontent.google.com/pw/AP1GczPA0wbpwYyx1dK4xqk41iDLOrP2-BX7NCSPG2hvsEK3qR1E_ePouxnKyQ
AF1QipMKf0LvOZ98ho-u-Xpl5sh3Q_Efy7u1xiEY8doj,nyGupxMa8djwiVlBRhxmHsGAIEY,AF1QipNBMsRGPMnHGOGQDqDXnoI1h7JGFA5B8aXz3aqm,sept'21,00000PORTRAIT_00000_BURST20210914123219567.jpg,,2021-09-14T07:02:19.589Z,2021-09-18T23:39:50.731Z,19800000,3840,2160,,,1354926,true,1354926,false,,,,false,,,,https://photos.fife.usercontent.google.com/pw/AP1GczOOmCMTQki_UTh6PsPrjyK9pnM5Jg1j7r1HSLIixYfmnQwjXpyQDwezQw
AF1QipOJjc2ZnMAcnRiZ0nqDizgBQKrekHzecbqmmAXA,B8FxFMStGGDPHsR3Ti-Wt6pjMEI,AF1QipNBMsRGPMnHGOGQDqDXnoI1h7JGFA5B8aXz3aqm,sept'21,00100sPORTRAIT_00100_BURST20210914123219567_COVER-01.jpeg,,2021-09-14T07:02:19.589Z,2021-09-18T23:39:50.731Z,19800000,3840,2160,,,363308,true,363308,false,,,,false,,,,https://photos.fife.usercontent.google.com/pw/AP1GczNVuWYfOtvk6qPgUNKhWqqidZ-TZMEAjQL2FceKV6mKKMoits74dmLC6A
AF1QipPZQ6kOFPCJl5W9lOJ5Efpf4BUgxV1uscLgwhWU,arIMhMFqodcgsKlHEIvcz8t08SU,AF1QipNBMsRGPMnHGOGQDqDXnoI1h7JGFA5B8aXz3aqm,sept'21,00100sPORTRAIT_00100_BURST20210914123219567_COVER-01-01.jpeg,,2021-09-14T07:02:19.589Z,2021-09-18T23:39:50.731Z,19800000,3840,2160,,,738048,true,738048,false,,,,false,,,,https://photos.fife.usercontent.google.com/pw/AP1GczOGwNhsoqlxD6mGbwrUeZerM_G_WZmxkVH0C9qONtrnflXpZ1QQlo-3Pg
AF1QipOlVO-cDDXllg2LVYI3GVQrVyYCqM9ueyp07Ynd,jeHCierBCBWN0pclRAeLNPQsboQ,AF1QipNBMsRGPMnHGOGQDqDXnoI1h7JGFA5B8aXz3aqm,sept'21,00000PORTRAIT_00000_BURST20210914123222470.jpg,,2021-09-14T07:02:22.524Z,2021-09-18T23:39:50.731Z,19800000,3840,2160,,,1891008,true,1891008,false,,,,false,,,,https://photos.fife.usercontent.google.com/pw/AP1GczO-kSTCTqVdsrdZDY7jaln5N3DH3W6W4cMvYYLSoIiugAyPZcXqQDHHjw
AF1QipP-pkxU5ETrJ1n-uBbPOQaI6VnAh7kuM2Pl2zLu,2xrV01PTOUbMUAX1lRRkMXrn-Mk,AF1QipNBMsRGPMnHGOGQDqDXnoI1h7JGFA5B8aXz3aqm,sept'21,00000PORTRAIT_00000_BURST20210914123243370.jpg,,2021-09-14T07:02:43.414Z,2021-09-18T23:39:50.731Z,19800000,3840,2160,,,1808772,true,1808772,false,,,,false,,,,https://photos.fife.usercontent.google.com/pw/AP1GczOyPHI20p3YxE-8jwAFEe6UDoCe641sxBmSCCBSSZpuOT60MJlIRzpABQ
AF1QipPxAPe77bZEV5N093LyBnwd12dXhe30zosMcaXF,dJnACbfzzJdEO_tIypeBHgPshUU,AF1QipNBMsRGPMnHGOGQDqDXnoI1h7JGFA5B8aXz3aqm,sept'21,00000PORTRAIT_00000_BURST20210914123245353.jpg,,2021-09-14T07:02:45.403Z,2021-09-18T23:39:50.731Z,19800000,3840,2160,,,1836455,true,1836455,false,,,,false,,,,https://photos.fife.usercontent.google.com/pw/AP1GczNi0Y66WlUr8IW6Hcy2rsi40DkY0kidKsoRIJu8rBEUI2uk2FhleG1ffw
AF1QipOpVhJHXWV519jx23XQs9JMI6bQHwvtDrsWM0i5,GvIviIyHJoCyPdLc6n0qcuZ88jc,AF1QipNBMsRGPMnHGOGQDqDXnoI1h7JGFA5B8aXz3aqm,sept'21,00000PORTRAIT_00000_BURST20210914123246625.jpg,,2021-09-14T07:02:46.718Z,2021-09-18T23:39:50.731Z,19800000,3840,2160,,,1914595,true,1914595,false,,,,false,,,,https://photos.fife.usercontent.google.com/pw/AP1GczNdBUvm6EzAVrDiyBUfecE6lU6owx3zebLYEeIa0aiOC17FZ9IsB34b1Q
AF1QipPah4EyQ8qIgALkxRHIftcVGPAnr74Cuu1G4_Y5,oKf52_Ch_YIgFyY6CuJNYOgPw2c,AF1QipNBMsRGPMnHGOGQDqDXnoI1h7JGFA5B8aXz3aqm,sept'21,00000PORTRAIT_00000_BURST20210914123248908.jpg,,2021-09-14T07:02:48.957Z,2021-09-18T23:39:50.731Z,19800000,3840,2160,,,1895777,true,1895777,false,,,,false,,,,https://photos.fife.usercontent.google.com/pw/AP1GczMHMldSkkaIwdkLmpH5_se2yToeT_SlN8Ytx5uvwBdskY0EJ1m8gamyUQ
AF1QipOw-cnoMZkAZs2yGQ5FMB9pZPhymAnVtb6IMB17,FKDPRlPk64rWVQUkpRL20lsoI_Y,AF1QipNBMsRGPMnHGOGQDqDXnoI1h7JGFA5B8aXz3aqm,sept'21,00000PORTRAIT_00000_BURST20210914123258534.jpg,,2021-09-14T07:02:58.706Z,2021-09-18T23:39:50.731Z,19800000,2160,3840,,,1526475,true,1526475,false,,,,false,,,,https://photos.fife.usercontent.google.com/pw/AP1GczNmLAr12xGbRxPoe6roSlo-dSQNChCg1xF1RmuxIrziqQC9xVDu4Ial0g
AF1QipM7Bpnmp_yuexxbBOPTPx1FGaqdMh0SW7QCAchy,GxxJglFn7rfpcZAeb7CltZqWtP0,AF1QipNBMsRGPMnHGOGQDqDXnoI1h7JGFA5B8aXz3aqm,sept'21,00000PORTRAIT_00000_BURST20210914123313536.jpg,,2021-09-14T07:03:13.670Z,2021-09-18T23:39:50.731Z,19800000,2160,3840,,,1745574,true,1745574,false,,,,false,,,,https://photos.fife.usercontent.google.com/pw/AP1GczNZ2bqxkrzc6rQjVRhxNzfPOKYbkPAXK77P48tQvRaw36Da95NdgvIeZw
AF1QipNFNHlfEitjxoWNeJidjojb2DDHS6glAVnSjx3t,7ZZi7eLn962dKtcQARaVlfr5_ko,AF1QipNBMsRGPMnHGOGQDqDXnoI1h7JGFA5B8aXz3aqm,sept'21,00000PORTRAIT_00000_BURST20210914123324166.jpg,,2021-09-14T07:03:24.346Z,2021-09-18T23:39:50.731Z,19800000,3840,2160,,,1604257,true,1604257,false,,,,false,,,,https://photos.fife.usercontent.google.com/pw/AP1GczO4kM1WIVt5alT1vBRHmW-30lospW1AYOjfV3IExSqfKCg45Yzig4d4vQ
AF1QipNpHtDICqWN9GqMr9PaT4PKO3h8FsmslFSNw2co,DOR4K_8PE4nA3p8kO0_XEdaeh0k,AF1QipNBMsRGPMnHGOGQDqDXnoI1h7JGFA5B8aXz3aqm,sept'21,00000PORTRAIT_00000_BURST20210914123330053.jpg,,2021-09-14T07:03:30.093Z,2021-09-18T23:39:50.731Z,19800000,3840,2160,,,2047449,true,2047449,false,,,,false,,,,https://photos.fife.usercontent.google.com/pw/AP1GczO6GvOovnRqIQxkIDVjNZSo6CRc7yacYsbiPTQ5VvWAnH6weqOUCrbhIA
AF1QipM6cOUDuutH5pIw6PrkrNH_CX-ztgsejZuDbhjV,vW4Dj4C4bIf0RZpyDy4cM_urEzw,AF1QipNBMsRGPMnHGOGQDqDXnoI1h7JGFA5B8aXz3aqm,sept'21,00000PORTRAIT_00000_BURST20210914123332086.jpg,,2021-09-14T07:03:32.210Z,2021-09-18T23:39:50.731Z,19800000,3840,2160,,,1994261,true,1994261,false,,,,false,,,,https://photos.fife.usercontent.google.com/pw/AP1GczN5RwsNYYRXoIizttFd5a0yfDnZlqZZlfmQBr57nHUeK18l9S8BttCYxw
AF1QipOqvd_ETIwJ2hDjJVji_JBvuRcVD0OvZi3dWPCX,cOmUM6Y09CsIAw-9qX36d_nxLQI,AF1QipNBMsRGPMnHGOGQDqDXnoI1h7JGFA5B8aXz3aqm,sept'21,00100sPORTRAIT_00100_BURST20210914123332086_COVER-01.jpeg,,2021-09-14T07:03:32.210Z,2021-09-18T23:39:50.731Z,19800000,3840,2160,,,446083,true,446083,false,,,,false,,,,https://photos.fife.usercontent.google.com/pw/AP1GczMDLGR1Z2qUgkGQP70oDCUXlUa1wETdX1fcJa8RUMbeSPvRAa2YGA1MbQ
AF1QipOBHeQxFcxFhMLm8rKMtNkBa39g8AAkUZ5CCUam,QRyj8qC2QfItAXGkubrHhqbKIaQ,AF1QipNBMsRGPMnHGOGQDqDXnoI1h7JGFA5B8aXz3aqm,sept'21,00000IMG_00000_BURST20210914123344681_COVER.jpg,,2021-09-14T07:03:44.825Z,2021-09-18T23:39:50.731Z,19800000,3840,2160,,,1910983,true,1910983,false,,,,false,,,,https://photos.fife.usercontent.google.com/pw/AP1GczOzkQIKNzrXagvtHeELWC57i1XeW5nZztNKLVVdJS3dYOYl5-21Pvm-9Q
AF1QipPhzGqXpZiDi9VugaK_KUE-4moG_MYw51OqyeRn,9tZyH3TEn4EU6cxH0CDvPavegwY,AF1QipNBMsRGPMnHGOGQDqDXnoI1h7JGFA5B8aXz3aqm,sept'21,00000PORTRAIT_00000_BURST20210914123352771.jpg,,2021-09-14T07:03:52.795Z,2021-09-18T23:39:50.731Z,19800000,3840,2160,,,1085009,true,1085009,false,,,,false,,,,https://photos.fife.usercontent.google.com/pw/AP1GczO0JxZ9zB6PR7JkY6ypxTJ6q0qAoksuzK2G-AxXsX5XRXv3ppxgMmJLvw
AF1QipOlakGL-qWwqnJDVuTXa2MTGm81j9LMfEmd9Uwj,TMFNIKxtNdHN2ClReMG1hNmIzNU,AF1QipNBMsRGPMnHGOGQDqDXnoI1h7JGFA5B8aXz3aqm,sept'21,00000PORTRAIT_00000_BURST20210914123354375.jpg,,2021-09-14T07:03:54.397Z,2021-09-18T23:39:50.731Z,19800000,3840,2160,,,1206452,true,1206452,false,,,,false,,,,https://photos.fife.usercontent.google.com/pw/AP1GczNjUSw6Xg-wUcEOud1Sh2DlQcBJ0O8H5PM7YBfrh7ZG8IGcCfupwH9lPw
AF1QipM0d6c39iYi3eq2HkPKGU1gsehmFolSDr__fyL7,2VqcfDy5GnTC0kTxwrAY8PB5oj4,AF1QipNBMsRGPMnHGOGQDqDXnoI1h7JGFA5B8aXz3aqm,sept'21,00000PORTRAIT_00000_BURST20210914123357764.jpg,,2021-09-14T07:03:57.833Z,2021-09-18T23:39:50.731Z,19800000,3840,2160,,,1713987,true,1713987,false,,,,false,,,,https://photos.fife.usercontent.google.com/pw/AP1GczNr0v6NZp1TqEn8HYEne9xutis2shTfIrLHg1CXtpd1AmZvsOrUBcJAzQ
AF1QipOdQqEXYRUCZsZ8egxZj0jetmzGoUi-1pcJ85mO,NUtC4oNv7ZIEI-NHHGMBZBoH0sU,AF1QipNBMsRGPMnHGOGQDqDXnoI1h7JGFA5B8aXz3aqm,sept'21,00000PORTRAIT_00000_BURST20210914123403471.jpg,,2021-09-14T07:04:03.505Z,2021-09-18T23:39:50.731Z,19800000,3840,2160,,,1992447,true,1992447,false,,,,false,,,,https://photos.fife.usercontent.google.com/pw/AP1GczPlGCYtodxqva1ZkqqCzMDoqLf7HMAX6UPRr2swS_D4fovHCCRTMbbueA
AF1QipNFIKd37vsW_wbSqDzBwuwJlCXGgBXV-COkSUuj,G6qQVsTX3grbrhnCoGXmUIEyp-A,AF1QipNBMsRGPMnHGOGQDqDXnoI1h7JGFA5B8aXz3aqm,sept'21,00000IMG_00000_BURST20210914123431245_COVER.jpg,,2021-09-14T07:04:31.280Z,2021-09-18T23:39:50.731Z,19800000,3840,2160,,,1558901,true,1558901,false,,,,false,,,,https://photos.fife.usercontent.google.com/pw/AP1GczPNzY8U_NpL9i7TjqoJHypjMKKH3Fqh4BVvShrcp2SGCVsOZecDHebjZQ
AF1QipMrmUPqePwCb4igIyJLZ6SO1k2-ZKnPn4BdrYVF,TZV1XX1tjKntaAUarevAnIlFMTg,AF1QipNBMsRGPMnHGOGQDqDXnoI1h7JGFA5B8aXz3aqm,sept'21,00000IMG_00000_BURST20210914123435192_COVER.jpg,,2021-09-14T07:04:35.238Z,2021-09-18T23:39:50.731Z,19800000,3840,2160,,,1577288,true,1577288,false,,,,false,,,,https://photos.fife.usercontent.google.com/pw/AP1GczMWGyCFUUs0RYMnzOedJvbhlmw--MT2GsRTwXpI0eYYaCnZ-YqPRiI4FQ
AF1QipPgVLx7kx9rSDLx9YIUQ9yejFZrwvBZWyr3TOLI,bYJu9K2-I5PSjbUbAs7F40ZIXec,AF1QipNBMsRGPMnHGOGQDqDXnoI1h7JGFA5B8aXz3aqm,sept'21,00000IMG_00000_BURST20210914123441796_COVER.jpg,,2021-09-14T07:04:41.823Z,2021-09-18T23:39:50.731Z,19800000,3840,2160,,,1378078,true,1378078,false,,,,false,,,,https://photos.fife.usercontent.google.com/pw/AP1GczNqNrzSakLdXTdF11gCuZHUleoWmptoO_um7wiPSek0I-SHnh2yCOH0sQ
AF1QipNIkdOGfW5KPj_YtE7hLU7KYqyIKR2BLw99Qyyx,TJngD0ShZg7IUN12KjFLd0VY3ks,AF1QipNBMsRGPMnHGOGQDqDXnoI1h7JGFA5B8aXz3aqm,sept'21,00000IMG_00000_BURST20210914123542664_COVER.jpg,,2021-09-14T07:05:42.693Z,2021-09-18T23:39:50.731Z,19800000,2160,3840,,,1773198,true,1773198,false,,,,false,,,,https://photos.fife.usercontent.google.com/pw/AP1GczPfa6b5OQAR8zQBBrP-CNu76TarL-kkMTiSwkDrbcKuJox1CnTOI4hV2A
AF1QipNqyCoiS7LiABJ3wPVKfXHr11vwBCOZbgmJYNu0,v7vwuOhY3Im0JdY__ynzZgY64Kg,AF1QipNBMsRGPMnHGOGQDqDXnoI1h7JGFA5B8aXz3aqm,sept'21,00000IMG_00000_BURST20210914123602052_COVER.jpg,,2021-09-14T07:06:02.073Z,2021-09-18T23:39:50.731Z,19800000,2160,3840,,,1658009,true,1658009,false,,,,false,,,,https://photos.fife.usercontent.google.com/pw/AP1GczMgtyUViAc-VAxVPMlHk1wnc_G7ddLVmR1j1aAWloYMSpSuggau8qI-QA
AF1QipPF7BKbGduPSvQ5Zrv7xHEtczwqj65P4veCjdV3,X_oF0Vl6MX9YJDESAjaMQf6hVAs,AF1QipNBMsRGPMnHGOGQDqDXnoI1h7JGFA5B8aXz3aqm,sept'21,00000IMG_00000_BURST20210914123604632_COVER.jpg,,2021-09-14T07:06:04.671Z,2021-09-18T23:39:50.731Z,19800000,2160,3840,,,1693310,true,1693310,false,,,,false,,,,https://photos.fife.usercontent.google.com/pw/AP1GczO1u25BCN6DsKGfx_VxgXJi7KBriOX9tsQdcD1TY6-AEMiQ0kc3Ut_f8Q
AF1QipPcSgfjDNhXz0OUk5Q6is8pDvjVJk51pAq6T7GK,BmY7zyWiSlgn_AatEu4g5WM4_bc,AF1QipNBMsRGPMnHGOGQDqDXnoI1h7JGFA5B8aXz3aqm,sept'21,00000IMG_00000_BURST20210914123625197_COVER.jpg,,2021-09-14T07:06:25.248Z,2021-09-18T23:39:50.731Z,19800000,2160,3840,,,1724795,true,1724795,false,,,,false,,,,https://photos.fife.usercontent.google.com/pw/AP1GczMm1KEsIqvJUWrG10iMAWRVCSl0A2U44UftioaIW92lu1mEmAK2NLIybQ
AF1QipPO9dbi3mBKek8nOSX4Iww7UOHXuyCRBK9Bnv5z,ZpNHcTwWTSRPiBz9iPNi4ffy-YI,AF1QipNBMsRGPMnHGOGQDqDXnoI1h7JGFA5B8aXz3aqm,sept'21,00000IMG_00000_BURST20210914123641480_COVER.jpg,,2021-09-14T07:06:41.546Z,2021-09-18T23:39:50.731Z,19800000,2160,3840,,,1659915,true,1659915,false,,,,false,,,,https://photos.fife.usercontent.google.com/pw/AP1GczMRIOLSn7Po0RLVg6t5yLikPsHBUPdFuHyMMTR39YsdIWr_Z_syB-3Cjg
AF1QipPp_LPwEvNIAhJYY9WMmcNd73A6F301ALV5tQP-,akzUQBztmdrj18LOGKssnI0_0GM,AF1QipNBMsRGPMnHGOGQDqDXnoI1h7JGFA5B8aXz3aqm,sept'21,00000PORTRAIT_00000_BURST20210914123651201.jpg,,2021-09-14T07:06:51.250Z,2021-09-18T23:39:50.731Z,19800000,2160,3840,,,1768517,true,1768517,false,,,,false,,,,https://photos.fife.usercontent.google.com/pw/AP1GczMOiSG3qLDFUY8sjA43mypNT6sGQAYYfcd2Hl1D-c7AeJ1n64XjCVxwlA
AF1QipOC24YFaSblyIVVijsfOz0yt2IeJBxRs99gCHll,d8UK8oCwh8IbOyq5-0JgbQtJ2N0,AF1QipNBMsRGPMnHGOGQDqDXnoI1h7JGFA5B8aXz3aqm,sept'21,00000PORTRAIT_00000_BURST20210914123651776.jpg,,2021-09-14T07:06:51.853Z,2021-09-18T23:39:50.731Z,19800000,2160,3840,,,1824301,true,1824301,false,,,,false,,,,https://photos.fife.usercontent.google.com/pw/AP1GczNyCAd6Mux5xrxMlU57wi89DBJXB8Ee0fb3rvTaDqvFiB3O0SBkON2izQ
AF1QipO1N5im0onAuCq0cs0SxvwgxdOR7SzJTs2dRPYk,JO6IsBRGmHAdQYSs2Sk13d9Aoa8,AF1QipNBMsRGPMnHGOGQDqDXnoI1h7JGFA5B8aXz3aqm,sept'21,00000PORTRAIT_00000_BURST20210914123653377.jpg,,2021-09-14T07:06:53.417Z,2021-09-18T23:39:50.731Z,19800000,2160,3840,,,1795096,true,1795096,false,,,,false,,,,https://photos.fife.usercontent.google.com/pw/AP1GczPyMo4QqJ4NwZt9g_K3Z9tS7ojxAxWBw6LSG6cu1AzXcJ8JN2uzb889yQ
AF1QipN6Esv4w-B9b2crQvRTcOThzSavGWEUevOB2zy-,DqJmuo94U6v2g8vo6cjie2CoNVM,AF1QipNBMsRGPMnHGOGQDqDXnoI1h7JGFA5B8aXz3aqm,sept'21,00000PORTRAIT_00000_BURST20210914123659622.jpg,,2021-09-14T07:06:59.667Z,2021-09-18T23:39:50.731Z,19800000,2160,3840,,,1772838,true,1772838,false,,,,false,,,,https://photos.fife.usercontent.google.com/pw/AP1GczOdR6KegzdMBu1cElEQ-TML2L-sGRYzuXNufVOBUNwuKTpummJZw5K3lQ
AF1QipMfBwtM4B0bFjVGnjOmZYWyMrbM_kF77k2BsVM8,7yWrIVRaSVtZH-NRFuOOrzEt-mQ,AF1QipNBMsRGPMnHGOGQDqDXnoI1h7JGFA5B8aXz3aqm,sept'21,00000PORTRAIT_00000_BURST20210914123659917.jpg,,2021-09-14T07:06:59.958Z,2021-09-18T23:39:50.731Z,19800000,2160,3840,,,1735185,true,1735185,false,,,,false,,,,https://photos.fife.usercontent.google.com/pw/AP1GczOALtjN3PKUsmgWc4Ke-M6irMZxNMBp054W14XEXAwDFH6vI78ihpjlXg
AF1QipNRVVnXMMIfDLQ-An5NyciU21isGuJ2rNVGvXPb,gYTe2KeULUarvwI0NGfyClIqVjs,AF1QipNBMsRGPMnHGOGQDqDXnoI1h7JGFA5B8aXz3aqm,sept'21,00000PORTRAIT_00000_BURST20210914123701475.jpg,,2021-09-14T07:07:01.536Z,2021-09-18T23:39:50.731Z,19800000,2160,3840,,,1753560,true,1753560,false,,,,false,,,,https://photos.fife.usercontent.google.com/pw/AP1GczN9_NPsKCpPJxpVziWAEmC7YtxH27mU9vD0F9lyZ31l3Yee638-i4flOg
AF1QipN-qdaMEutO-iGZcS_6xK6CBBbWXv0Axds4dvvo,-J2azbpo8s1YatWDqfjP54_j10M,AF1QipNBMsRGPMnHGOGQDqDXnoI1h7JGFA5B8aXz3aqm,sept'21,00000PORTRAIT_00000_BURST20210914123713743.jpg,,2021-09-14T07:07:13.772Z,2021-09-18T23:39:50.731Z,19800000,2160,3840,,,1745208,true,1745208,false,,,,false,,,,https://photos.fife.usercontent.google.com/pw/AP1GczPe9U7T8_AEWuSboTyaS7yshcJkisriT2q6xI5T9VniOOPXt5ZIuLpYng
AF1QipM1VnCRPSbTznRo8bK1jTHFD8n4UNsUQV7bAbV5,1BfBguW5lXBgokY2oagChOunaxA,AF1QipNBMsRGPMnHGOGQDqDXnoI1h7JGFA5B8aXz3aqm,sept'21,00000PORTRAIT_00000_BURST20210914123724738.jpg,,2021-09-14T07:07:24.750Z,2021-09-18T23:39:50.731Z,19800000,2160,3840,,,1782686,true,1782686,false,,,,false,,,,https://photos.fife.usercontent.google.com/pw/AP1GczMUuQAkefcnWJBgYKlUfs0Ce36LEacM6wEQn58W68IEwxsnRCNs_3mnQg
AF1QipNC6gkCokdK4uMgtW7Jtdu_3PnwpRDYP95IrjH2,TmeTiZVmO9UZHMSpaQcPMmk8Cb8,AF1QipNBMsRGPMnHGOGQDqDXnoI1h7JGFA5B8aXz3aqm,sept'21,00000PORTRAIT_00000_BURST20210914123732611.jpg,,2021-09-14T07:07:32.664Z,2021-09-18T23:39:50.731Z,19800000,2160,3840,,,1946794,true,1946794,false,,,,false,,,,https://photos.fife.usercontent.google.com/pw/AP1GczM2nbkMMT4mGpZZs3jFfFtCIthbpKHyEjzycQiMKU_BDhMI3QNPt5XOhw
AF1QipPDxMxE1pNLn1nnCSLVWxryF8RNtCOfhr4Jv23i,cNmXHwfz6GeXBFiCga5Y2K4dJxk,AF1QipNBMsRGPMnHGOGQDqDXnoI1h7JGFA5B8aXz3aqm,sept'21,00000IMG_00000_BURST20210914123836529_COVER.jpg,,2021-09-14T07:08:36.564Z,2021-09-18T23:39:50.731Z,19800000,3840,2160,,,1168760,true,1168760,false,,,,false,,,,https://photos.fife.usercontent.google.com/pw/AP1GczPTVhXnNpTxbVQDtiPvEvWW4S4sSzyLHArFEoPru7rSaXpWpQb_k3P-KQ
AF1QipN8nuBNEDQiROu8s6iFLJm3UzHDVtkoOT2kkMfK,mP3vFub7GLgzPrAb6uWak5M5G6E,AF1QipNBMsRGPMnHGOGQDqDXnoI1h7JGFA5B8aXz3aqm,sept'21,00000PORTRAIT_00000_BURST20210914123837913.jpg,,2021-09-14T07:08:37.952Z,2021-09-18T23:39:50.731Z,19800000,3840,2160,,,1388685,true,1388685,false,,,,false,,,,https://photos.fife.usercontent.google.com/pw/AP1GczNwynop-ve_YoGQ8QEXF1YIIj4mrMygsElM-vRW8mdlSvBesv2-XTgVwQ
AF1QipPav0R7Gdxu0vQ3KqHLleREdyX3aBAFSRdp2GAC,Fu14IQuAQWOMWIjNvghBla8WKh8,AF1QipNBMsRGPMnHGOGQDqDXnoI1h7JGFA5B8aXz3aqm,sept'21,00000IMG_00000_BURST20210914123840983_COVER.jpg,,2021-09-14T07:08:41.005Z,2021-09-18T23:39:50.731Z,19800000,3840,2160,,,1378510,true,1378510,false,,,,false,,,,https://photos.fife.usercontent.google.com/pw/AP1GczMXIVXga8wVowv3UNYk7Oap-7Y4Kd4TjPd6JCCzd2iVSa3jZwZJDGY4RQ
AF1QipNJfbSv7YekWiUpeBG6noXsJ8NionPq8DW8wLBn,rbZXa6yorPHU0xegnAgmK5YAo_g,AF1QipNBMsRGPMnHGOGQDqDXnoI1h7JGFA5B8aXz3aqm,sept'21,00000PORTRAIT_00000_BURST20210914123844436.jpg,,2021-09-14T07:08:44.517Z,2021-09-18T23:39:50.731Z,19800000,3840,2160,,,1775898,true,1775898,false,,,,false,,,,https://photos.fife.usercontent.google.com/pw/AP1GczM0eBDWrQjG6TOGNYILbby-uASRuFDKFCq7lKafbWPkT0t49joGJv3a0Q
AF1QipNhPNFgRTOCl4S7gvngxejmRxCgHpvRKMo-lS-Q,-ro1ZB2TYJJlUp5NUuhx-gIDf4I,AF1QipNBMsRGPMnHGOGQDqDXnoI1h7JGFA5B8aXz3aqm,sept'21,00000IMG_00000_BURST20210914123940652_COVER.jpg,,2021-09-14T07:09:40.697Z,2021-09-18T23:39:50.731Z,19800000,2160,3840,,,1114596,true,1114596,false,,,,false,,,,https://photos.fife.usercontent.google.com/pw/AP1GczOLjPHfNI8hyEw2moNk5naUhywXDy6jFpibM1nudsiBcsLAWRMP-6f0KQ
AF1QipNHrZgBwQ2K-_zKV3UFFUl2A2dtUKN4G1zhmBPY,iNpQaTocRvRIHhEDNZ14kBQYuYA,AF1QipNBMsRGPMnHGOGQDqDXnoI1h7JGFA5B8aXz3aqm,sept'21,00000IMG_00000_BURST20210914124054258_COVER.jpg,,2021-09-14T07:10:54.279Z,2021-09-18T23:39:50.731Z,19800000,3840,2160,,,1780806,true,1780806,false,,,,false,,,,https://photos.fife.usercontent.google.com/pw/AP1GczPIb8NPisApRbieK2BJLod9WGtWhND1uGT9On9lh33TsuyG4JxtxLZ1Tg
AF1QipOxcT2EDNefZ0pVmwRd-Qk1xg_XFBKY2mdcjoV3,AV21kwA7BWI8UJUNidgZqzRQeKU,AF1QipNBMsRGPMnHGOGQDqDXnoI1h7JGFA5B8aXz3aqm,sept'21,00000PORTRAIT_00000_BURST20210914124059072.jpg,,2021-09-14T07:10:59.104Z,2021-09-18T23:39:50.731Z,19800000,3840,2160,,,2042376,true,2042376,false,,,,false,,,,https://photos.fife.usercontent.google.com/pw/AP1GczP5kh7xq6Htgq_tXFHKdrSBWb9BjN2zz7PrHdEtciatLW_s5Oar2vf_Nw
